sanskrit_name,botanical_name,common_name,plant_part,form,category,price_per_kg
Haridra,Curcuma longa,Turmeric,Rhizome,Powder,Herb,0
Shunthi,Zingiber officinale,Dry Ginger,Rhizome,Powder,Herb,0
Tulasi,Ocimum sanctum,Holy Basil,Leaf,Powder,Herb,0
Guduchi,Tinospora cordifolia,Giloy,Stem,Powder,Herb,0
Ashwagandha,Withania somnifera,Indian Ginseng,Root,Powder,Herb,0
Amalaki,Phyllanthus emblica,Amla,Fruit,Powder,Herb,0
Bibhitaki,Terminalia bellirica,Baheda,Fruit,Powder,Herb,0
Haritaki,Terminalia chebula,Harad,Fruit,Powder,Herb,0
Brahmi,Bacopa monnieri,Brahmi,Whole plant,Powder,Herb,0
Mandukaparni,Centella asiatica,Gotu Kola,Whole plant,Powder,Herb,0
Herb_11,Botanical_11,Common_11,Unknown,Powder,Herb,0
Herb_12,Botanical_12,Common_12,Unknown,Powder,Herb,0
Herb_13,Botanical_13,Common_13,Unknown,Powder,Herb,0
Herb_14,Botanical_14,Common_14,Unknown,Powder,Herb,0
Herb_15,Botanical_15,Common_15,Unknown,Powder,Herb,0
Herb_16,Botanical_16,Common_16,Unknown,Powder,Herb,0
Herb_17,Botanical_17,Common_17,Unknown,Powder,Herb,0
Herb_18,Botanical_18,Common_18,Unknown,Powder,Herb,0
Herb_19,Botanical_19,Common_19,Unknown,Powder,Herb,0
Herb_20,Botanical_20,Common_20,Unknown,Powder,Herb,0
Herb_21,Botanical_21,Common_21,Unknown,Powder,Herb,0
Herb_22,Botanical_22,Common_22,Unknown,Powder,Herb,0
Herb_23,Botanical_23,Common_23,Unknown,Powder,Herb,0
Herb_24,Botanical_24,Common_24,Unknown,Powder,Herb,0
Herb_25,Botanical_25,Common_25,Unknown,Powder,Herb,0
Herb_26,Botanical_26,Common_26,Unknown,Powder,Herb,0
Herb_27,Botanical_27,Common_27,Unknown,Powder,Herb,0
Herb_28,Botanical_28,Common_28,Unknown,Powder,Herb,0
Herb_29,Botanical_29,Common_29,Unknown,Powder,Herb,0
Herb_30,Botanical_30,Common_30,Unknown,Powder,Herb,0
Herb_31,Botanical_31,Common_31,Unknown,Powder,Herb,0
Herb_32,Botanical_32,Common_32,Unknown,Powder,Herb,0
Herb_33,Botanical_33,Common_33,Unknown,Powder,Herb,0
Herb_34,Botanical_34,Common_34,Unknown,Powder,Herb,0
Herb_35,Botanical_35,Common_35,Unknown,Powder,Herb,0
Herb_36,Botanical_36,Common_36,Unknown,Powder,Herb,0
Herb_37,Botanical_37,Common_37,Unknown,Powder,Herb,0
Herb_38,Botanical_38,Common_38,Unknown,Powder,Herb,0
Herb_39,Botanical_39,Common_39,Unknown,Powder,Herb,0
Herb_40,Botanical_40,Common_40,Unknown,Powder,Herb,0
Herb_41,Botanical_41,Common_41,Unknown,Powder,Herb,0
Herb_42,Botanical_42,Common_42,Unknown,Powder,Herb,0
Herb_43,Botanical_43,Common_43,Unknown,Powder,Herb,0
Herb_44,Botanical_44,Common_44,Unknown,Powder,Herb,0
Herb_45,Botanical_45,Common_45,Unknown,Powder,Herb,0
Herb_46,Botanical_46,Common_46,Unknown,Powder,Herb,0
Herb_47,Botanical_47,Common_47,Unknown,Powder,Herb,0
Herb_48,Botanical_48,Common_48,Unknown,Powder,Herb,0
Herb_49,Botanical_49,Common_49,Unknown,Powder,Herb,0
Herb_50,Botanical_50,Common_50,Unknown,Powder,Herb,0
Herb_51,Botanical_51,Common_51,Unknown,Powder,Herb,0
Herb_52,Botanical_52,Common_52,Unknown,Powder,Herb,0
Herb_53,Botanical_53,Common_53,Unknown,Powder,Herb,0
Herb_54,Botanical_54,Common_54,Unknown,Powder,Herb,0
Herb_55,Botanical_55,Common_55,Unknown,Powder,Herb,0
Herb_56,Botanical_56,Common_56,Unknown,Powder,Herb,0
Herb_57,Botanical_57,Common_57,Unknown,Powder,Herb,0
Herb_58,Botanical_58,Common_58,Unknown,Powder,Herb,0
Herb_59,Botanical_59,Common_59,Unknown,Powder,Herb,0
Herb_60,Botanical_60,Common_60,Unknown,Powder,Herb,0
Herb_61,Botanical_61,Common_61,Unknown,Powder,Herb,0
Herb_62,Botanical_62,Common_62,Unknown,Powder,Herb,0
Herb_63,Botanical_63,Common_63,Unknown,Powder,Herb,0
Herb_64,Botanical_64,Common_64,Unknown,Powder,Herb,0
Herb_65,Botanical_65,Common_65,Unknown,Powder,Herb,0
Herb_66,Botanical_66,Common_66,Unknown,Powder,Herb,0
Herb_67,Botanical_67,Common_67,Unknown,Powder,Herb,0
Herb_68,Botanical_68,Common_68,Unknown,Powder,Herb,0
Herb_69,Botanical_69,Common_69,Unknown,Powder,Herb,0
Herb_70,Botanical_70,Common_70,Unknown,Powder,Herb,0
Herb_71,Botanical_71,Common_71,Unknown,Powder,Herb,0
Herb_72,Botanical_72,Common_72,Unknown,Powder,Herb,0
Herb_73,Botanical_73,Common_73,Unknown,Powder,Herb,0
Herb_74,Botanical_74,Common_74,Unknown,Powder,Herb,0
Herb_75,Botanical_75,Common_75,Unknown,Powder,Herb,0
Herb_76,Botanical_76,Common_76,Unknown,Powder,Herb,0
Herb_77,Botanical_77,Common_77,Unknown,Powder,Herb,0
Herb_78,Botanical_78,Common_78,Unknown,Powder,Herb,0
Herb_79,Botanical_79,Common_79,Unknown,Powder,Herb,0
Herb_80,Botanical_80,Common_80,Unknown,Powder,Herb,0
Herb_81,Botanical_81,Common_81,Unknown,Powder,Herb,0
Herb_82,Botanical_82,Common_82,Unknown,Powder,Herb,0
Herb_83,Botanical_83,Common_83,Unknown,Powder,Herb,0
Herb_84,Botanical_84,Common_84,Unknown,Powder,Herb,0
Herb_85,Botanical_85,Common_85,Unknown,Powder,Herb,0
Herb_86,Botanical_86,Common_86,Unknown,Powder,Herb,0
Herb_87,Botanical_87,Common_87,Unknown,Powder,Herb,0
Herb_88,Botanical_88,Common_88,Unknown,Powder,Herb,0
Herb_89,Botanical_89,Common_89,Unknown,Powder,Herb,0
Herb_90,Botanical_90,Common_90,Unknown,Powder,Herb,0
Herb_91,Botanical_91,Common_91,Unknown,Powder,Herb,0
Herb_92,Botanical_92,Common_92,Unknown,Powder,Herb,0
Herb_93,Botanical_93,Common_93,Unknown,Powder,Herb,0
Herb_94,Botanical_94,Common_94,Unknown,Powder,Herb,0
Herb_95,Botanical_95,Common_95,Unknown,Powder,Herb,0
Herb_96,Botanical_96,Common_96,Unknown,Powder,Herb,0
Herb_97,Botanical_97,Common_97,Unknown,Powder,Herb,0
Herb_98,Botanical_98,Common_98,Unknown,Powder,Herb,0
Herb_99,Botanical_99,Common_99,Unknown,Powder,Herb,0
Herb_100,Botanical_100,Common_100,Unknown,Powder,Herb,0
Herb_101,Botanical_101,Common_101,Unknown,Powder,Herb,0
Herb_102,Botanical_102,Common_102,Unknown,Powder,Herb,0
Herb_103,Botanical_103,Common_103,Unknown,Powder,Herb,0
Herb_104,Botanical_104,Common_104,Unknown,Powder,Herb,0
Herb_105,Botanical_105,Common_105,Unknown,Powder,Herb,0
Herb_106,Botanical_106,Common_106,Unknown,Powder,Herb,0
Herb_107,Botanical_107,Common_107,Unknown,Powder,Herb,0
Herb_108,Botanical_108,Common_108,Unknown,Powder,Herb,0
Herb_109,Botanical_109,Common_109,Unknown,Powder,Herb,0
Herb_110,Botanical_110,Common_110,Unknown,Powder,Herb,0
Herb_111,Botanical_111,Common_111,Unknown,Powder,Herb,0
Herb_112,Botanical_112,Common_112,Unknown,Powder,Herb,0
Herb_113,Botanical_113,Common_113,Unknown,Powder,Herb,0
Herb_114,Botanical_114,Common_114,Unknown,Powder,Herb,0
Herb_115,Botanical_115,Common_115,Unknown,Powder,Herb,0
Herb_116,Botanical_116,Common_116,Unknown,Powder,Herb,0
Herb_117,Botanical_117,Common_117,Unknown,Powder,Herb,0
Herb_118,Botanical_118,Common_118,Unknown,Powder,Herb,0
Herb_119,Botanical_119,Common_119,Unknown,Powder,Herb,0
Herb_120,Botanical_120,Common_120,Unknown,Powder,Herb,0
Herb_121,Botanical_121,Common_121,Unknown,Powder,Herb,0
Herb_122,Botanical_122,Common_122,Unknown,Powder,Herb,0
Herb_123,Botanical_123,Common_123,Unknown,Powder,Herb,0
Herb_124,Botanical_124,Common_124,Unknown,Powder,Herb,0
Herb_125,Botanical_125,Common_125,Unknown,Powder,Herb,0
Herb_126,Botanical_126,Common_126,Unknown,Powder,Herb,0
Herb_127,Botanical_127,Common_127,Unknown,Powder,Herb,0
Herb_128,Botanical_128,Common_128,Unknown,Powder,Herb,0
Herb_129,Botanical_129,Common_129,Unknown,Powder,Herb,0
Herb_130,Botanical_130,Common_130,Unknown,Powder,Herb,0
Herb_131,Botanical_131,Common_131,Unknown,Powder,Herb,0
Herb_132,Botanical_132,Common_132,Unknown,Powder,Herb,0
Herb_133,Botanical_133,Common_133,Unknown,Powder,Herb,0
Herb_134,Botanical_134,Common_134,Unknown,Powder,Herb,0
Herb_135,Botanical_135,Common_135,Unknown,Powder,Herb,0
Herb_136,Botanical_136,Common_136,Unknown,Powder,Herb,0
Herb_137,Botanical_137,Common_137,Unknown,Powder,Herb,0
Herb_138,Botanical_138,Common_138,Unknown,Powder,Herb,0
Herb_139,Botanical_139,Common_139,Unknown,Powder,Herb,0
Herb_140,Botanical_140,Common_140,Unknown,Powder,Herb,0
Herb_141,Botanical_141,Common_141,Unknown,Powder,Herb,0
Herb_142,Botanical_142,Common_142,Unknown,Powder,Herb,0
Herb_143,Botanical_143,Common_143,Unknown,Powder,Herb,0
Herb_144,Botanical_144,Common_144,Unknown,Powder,Herb,0
Herb_145,Botanical_145,Common_145,Unknown,Powder,Herb,0
Herb_146,Botanical_146,Common_146,Unknown,Powder,Herb,0
Herb_147,Botanical_147,Common_147,Unknown,Powder,Herb,0
Herb_148,Botanical_148,Common_148,Unknown,Powder,Herb,0
Herb_149,Botanical_149,Common_149,Unknown,Powder,Herb,0
Herb_150,Botanical_150,Common_150,Unknown,Powder,Herb,0
Herb_151,Botanical_151,Common_151,Unknown,Powder,Herb,0
Herb_152,Botanical_152,Common_152,Unknown,Powder,Herb,0
Herb_153,Botanical_153,Common_153,Unknown,Powder,Herb,0
Herb_154,Botanical_154,Common_154,Unknown,Powder,Herb,0
Herb_155,Botanical_155,Common_155,Unknown,Powder,Herb,0
Herb_156,Botanical_156,Common_156,Unknown,Powder,Herb,0
Herb_157,Botanical_157,Common_157,Unknown,Powder,Herb,0
Herb_158,Botanical_158,Common_158,Unknown,Powder,Herb,0
Herb_159,Botanical_159,Common_159,Unknown,Powder,Herb,0
Herb_160,Botanical_160,Common_160,Unknown,Powder,Herb,0
Herb_161,Botanical_161,Common_161,Unknown,Powder,Herb,0
Herb_162,Botanical_162,Common_162,Unknown,Powder,Herb,0
Herb_163,Botanical_163,Common_163,Unknown,Powder,Herb,0
Herb_164,Botanical_164,Common_164,Unknown,Powder,Herb,0
Herb_165,Botanical_165,Common_165,Unknown,Powder,Herb,0
Herb_166,Botanical_166,Common_166,Unknown,Powder,Herb,0
Herb_167,Botanical_167,Common_167,Unknown,Powder,Herb,0
Herb_168,Botanical_168,Common_168,Unknown,Powder,Herb,0
Herb_169,Botanical_169,Common_169,Unknown,Powder,Herb,0
Herb_170,Botanical_170,Common_170,Unknown,Powder,Herb,0
Herb_171,Botanical_171,Common_171,Unknown,Powder,Herb,0
Herb_172,Botanical_172,Common_172,Unknown,Powder,Herb,0
Herb_173,Botanical_173,Common_173,Unknown,Powder,Herb,0
Herb_174,Botanical_174,Common_174,Unknown,Powder,Herb,0
Herb_175,Botanical_175,Common_175,Unknown,Powder,Herb,0
Herb_176,Botanical_176,Common_176,Unknown,Powder,Herb,0
Herb_177,Botanical_177,Common_177,Unknown,Powder,Herb,0
Herb_178,Botanical_178,Common_178,Unknown,Powder,Herb,0
Herb_179,Botanical_179,Common_179,Unknown,Powder,Herb,0
Herb_180,Botanical_180,Common_180,Unknown,Powder,Herb,0
Herb_181,Botanical_181,Common_181,Unknown,Powder,Herb,0
Herb_182,Botanical_182,Common_182,Unknown,Powder,Herb,0
Herb_183,Botanical_183,Common_183,Unknown,Powder,Herb,0
Herb_184,Botanical_184,Common_184,Unknown,Powder,Herb,0
Herb_185,Botanical_185,Common_185,Unknown,Powder,Herb,0
Herb_186,Botanical_186,Common_186,Unknown,Powder,Herb,0
Herb_187,Botanical_187,Common_187,Unknown,Powder,Herb,0
Herb_188,Botanical_188,Common_188,Unknown,Powder,Herb,0
Herb_189,Botanical_189,Common_189,Unknown,Powder,Herb,0
Herb_190,Botanical_190,Common_190,Unknown,Powder,Herb,0
Herb_191,Botanical_191,Common_191,Unknown,Powder,Herb,0
Herb_192,Botanical_192,Common_192,Unknown,Powder,Herb,0
Herb_193,Botanical_193,Common_193,Unknown,Powder,Herb,0
Herb_194,Botanical_194,Common_194,Unknown,Powder,Herb,0
Herb_195,Botanical_195,Common_195,Unknown,Powder,Herb,0
Herb_196,Botanical_196,Common_196,Unknown,Powder,Herb,0
Herb_197,Botanical_197,Common_197,Unknown,Powder,Herb,0
Herb_198,Botanical_198,Common_198,Unknown,Powder,Herb,0
Herb_199,Botanical_199,Common_199,Unknown,Powder,Herb,0
Herb_200,Botanical_200,Common_200,Unknown,Powder,Herb,0
Herb_201,Botanical_201,Common_201,Unknown,Powder,Herb,0
Herb_202,Botanical_202,Common_202,Unknown,Powder,Herb,0
Herb_203,Botanical_203,Common_203,Unknown,Powder,Herb,0
Herb_204,Botanical_204,Common_204,Unknown,Powder,Herb,0
Herb_205,Botanical_205,Common_205,Unknown,Powder,Herb,0
Herb_206,Botanical_206,Common_206,Unknown,Powder,Herb,0
Herb_207,Botanical_207,Common_207,Unknown,Powder,Herb,0
Herb_208,Botanical_208,Common_208,Unknown,Powder,Herb,0
Herb_209,Botanical_209,Common_209,Unknown,Powder,Herb,0
Herb_210,Botanical_210,Common_210,Unknown,Powder,Herb,0
Herb_211,Botanical_211,Common_211,Unknown,Powder,Herb,0
Herb_212,Botanical_212,Common_212,Unknown,Powder,Herb,0
Herb_213,Botanical_213,Common_213,Unknown,Powder,Herb,0
Herb_214,Botanical_214,Common_214,Unknown,Powder,Herb,0
Herb_215,Botanical_215,Common_215,Unknown,Powder,Herb,0
Herb_216,Botanical_216,Common_216,Unknown,Powder,Herb,0
Herb_217,Botanical_217,Common_217,Unknown,Powder,Herb,0
Herb_218,Botanical_218,Common_218,Unknown,Powder,Herb,0
Herb_219,Botanical_219,Common_219,Unknown,Powder,Herb,0
Herb_220,Botanical_220,Common_220,Unknown,Powder,Herb,0
Herb_221,Botanical_221,Common_221,Unknown,Powder,Herb,0
Herb_222,Botanical_222,Common_222,Unknown,Powder,Herb,0
Herb_223,Botanical_223,Common_223,Unknown,Powder,Herb,0
Herb_224,Botanical_224,Common_224,Unknown,Powder,Herb,0
Herb_225,Botanical_225,Common_225,Unknown,Powder,Herb,0
Herb_226,Botanical_226,Common_226,Unknown,Powder,Herb,0
Herb_227,Botanical_227,Common_227,Unknown,Powder,Herb,0
Herb_228,Botanical_228,Common_228,Unknown,Powder,Herb,0
Herb_229,Botanical_229,Common_229,Unknown,Powder,Herb,0
Herb_230,Botanical_230,Common_230,Unknown,Powder,Herb,0
Herb_231,Botanical_231,Common_231,Unknown,Powder,Herb,0
Herb_232,Botanical_232,Common_232,Unknown,Powder,Herb,0
Herb_233,Botanical_233,Common_233,Unknown,Powder,Herb,0
Herb_234,Botanical_234,Common_234,Unknown,Powder,Herb,0
Herb_235,Botanical_235,Common_235,Unknown,Powder,Herb,0
Herb_236,Botanical_236,Common_236,Unknown,Powder,Herb,0
Herb_237,Botanical_237,Common_237,Unknown,Powder,Herb,0
Herb_238,Botanical_238,Common_238,Unknown,Powder,Herb,0
Herb_239,Botanical_239,Common_239,Unknown,Powder,Herb,0
Herb_240,Botanical_240,Common_240,Unknown,Powder,Herb,0
Herb_241,Botanical_241,Common_241,Unknown,Powder,Herb,0
Herb_242,Botanical_242,Common_242,Unknown,Powder,Herb,0
Herb_243,Botanical_243,Common_243,Unknown,Powder,Herb,0
Herb_244,Botanical_244,Common_244,Unknown,Powder,Herb,0
Herb_245,Botanical_245,Common_245,Unknown,Powder,Herb,0
Herb_246,Botanical_246,Common_246,Unknown,Powder,Herb,0
Herb_247,Botanical_247,Common_247,Unknown,Powder,Herb,0
Herb_248,Botanical_248,Common_248,Unknown,Powder,Herb,0
Herb_249,Botanical_249,Common_249,Unknown,Powder,Herb,0
Herb_250,Botanical_250,Common_250,Unknown,Powder,Herb,0
Herb_251,Botanical_251,Common_251,Unknown,Powder,Herb,0
Herb_252,Botanical_252,Common_252,Unknown,Powder,Herb,0
Herb_253,Botanical_253,Common_253,Unknown,Powder,Herb,0
Herb_254,Botanical_254,Common_254,Unknown,Powder,Herb,0
Herb_255,Botanical_255,Common_255,Unknown,Powder,Herb,0
Herb_256,Botanical_256,Common_256,Unknown,Powder,Herb,0
Herb_257,Botanical_257,Common_257,Unknown,Powder,Herb,0
Herb_258,Botanical_258,Common_258,Unknown,Powder,Herb,0
Herb_259,Botanical_259,Common_259,Unknown,Powder,Herb,0
Herb_260,Botanical_260,Common_260,Unknown,Powder,Herb,0
Herb_261,Botanical_261,Common_261,Unknown,Powder,Herb,0
Herb_262,Botanical_262,Common_262,Unknown,Powder,Herb,0
Herb_263,Botanical_263,Common_263,Unknown,Powder,Herb,0
Herb_264,Botanical_264,Common_264,Unknown,Powder,Herb,0
Herb_265,Botanical_265,Common_265,Unknown,Powder,Herb,0
Herb_266,Botanical_266,Common_266,Unknown,Powder,Herb,0
Herb_267,Botanical_267,Common_267,Unknown,Powder,Herb,0
Herb_268,Botanical_268,Common_268,Unknown,Powder,Herb,0
Herb_269,Botanical_269,Common_269,Unknown,Powder,Herb,0
Herb_270,Botanical_270,Common_270,Unknown,Powder,Herb,0
Herb_271,Botanical_271,Common_271,Unknown,Powder,Herb,0
Herb_272,Botanical_272,Common_272,Unknown,Powder,Herb,0
Herb_273,Botanical_273,Common_273,Unknown,Powder,Herb,0
Herb_274,Botanical_274,Common_274,Unknown,Powder,Herb,0
Herb_275,Botanical_275,Common_275,Unknown,Powder,Herb,0
Herb_276,Botanical_276,Common_276,Unknown,Powder,Herb,0
Herb_277,Botanical_277,Common_277,Unknown,Powder,Herb,0
Herb_278,Botanical_278,Common_278,Unknown,Powder,Herb,0
Herb_279,Botanical_279,Common_279,Unknown,Powder,Herb,0
Herb_280,Botanical_280,Common_280,Unknown,Powder,Herb,0
Herb_281,Botanical_281,Common_281,Unknown,Powder,Herb,0
Herb_282,Botanical_282,Common_282,Unknown,Powder,Herb,0
Herb_283,Botanical_283,Common_283,Unknown,Powder,Herb,0
Herb_284,Botanical_284,Common_284,Unknown,Powder,Herb,0
Herb_285,Botanical_285,Common_285,Unknown,Powder,Herb,0
Herb_286,Botanical_286,Common_286,Unknown,Powder,Herb,0
Herb_287,Botanical_287,Common_287,Unknown,Powder,Herb,0
Herb_288,Botanical_288,Common_288,Unknown,Powder,Herb,0
Herb_289,Botanical_289,Common_289,Unknown,Powder,Herb,0
Herb_290,Botanical_290,Common_290,Unknown,Powder,Herb,0
Herb_291,Botanical_291,Common_291,Unknown,Powder,Herb,0
Herb_292,Botanical_292,Common_292,Unknown,Powder,Herb,0
Herb_293,Botanical_293,Common_293,Unknown,Powder,Herb,0
Herb_294,Botanical_294,Common_294,Unknown,Powder,Herb,0
Herb_295,Botanical_295,Common_295,Unknown,Powder,Herb,0
Herb_296,Botanical_296,Common_296,Unknown,Powder,Herb,0
Herb_297,Botanical_297,Common_297,Unknown,Powder,Herb,0
Herb_298,Botanical_298,Common_298,Unknown,Powder,Herb,0
Herb_299,Botanical_299,Common_299,Unknown,Powder,Herb,0
Herb_300,Botanical_300,Common_300,Unknown,Powder,Herb,0
Herb_301,Botanical_301,Common_301,Unknown,Powder,Herb,0
Herb_302,Botanical_302,Common_302,Unknown,Powder,Herb,0
Herb_303,Botanical_303,Common_303,Unknown,Powder,Herb,0
Herb_304,Botanical_304,Common_304,Unknown,Powder,Herb,0
Herb_305,Botanical_305,Common_305,Unknown,Powder,Herb,0
Herb_306,Botanical_306,Common_306,Unknown,Powder,Herb,0
Herb_307,Botanical_307,Common_307,Unknown,Powder,Herb,0
Herb_308,Botanical_308,Common_308,Unknown,Powder,Herb,0
Herb_309,Botanical_309,Common_309,Unknown,Powder,Herb,0
Herb_310,Botanical_310,Common_310,Unknown,Powder,Herb,0
Herb_311,Botanical_311,Common_311,Unknown,Powder,Herb,0
Herb_312,Botanical_312,Common_312,Unknown,Powder,Herb,0
Herb_313,Botanical_313,Common_313,Unknown,Powder,Herb,0
Herb_314,Botanical_314,Common_314,Unknown,Powder,Herb,0
Herb_315,Botanical_315,Common_315,Unknown,Powder,Herb,0
Herb_316,Botanical_316,Common_316,Unknown,Powder,Herb,0
Herb_317,Botanical_317,Common_317,Unknown,Powder,Herb,0
Herb_318,Botanical_318,Common_318,Unknown,Powder,Herb,0
Herb_319,Botanical_319,Common_319,Unknown,Powder,Herb,0
Herb_320,Botanical_320,Common_320,Unknown,Powder,Herb,0
Herb_321,Botanical_321,Common_321,Unknown,Powder,Herb,0
Herb_322,Botanical_322,Common_322,Unknown,Powder,Herb,0
Herb_323,Botanical_323,Common_323,Unknown,Powder,Herb,0
Herb_324,Botanical_324,Common_324,Unknown,Powder,Herb,0
Herb_325,Botanical_325,Common_325,Unknown,Powder,Herb,0
Herb_326,Botanical_326,Common_326,Unknown,Powder,Herb,0
Herb_327,Botanical_327,Common_327,Unknown,Powder,Herb,0
Herb_328,Botanical_328,Common_328,Unknown,Powder,Herb,0
Herb_329,Botanical_329,Common_329,Unknown,Powder,Herb,0
Herb_330,Botanical_330,Common_330,Unknown,Powder,Herb,0
Herb_331,Botanical_331,Common_331,Unknown,Powder,Herb,0
Herb_332,Botanical_332,Common_332,Unknown,Powder,Herb,0
Herb_333,Botanical_333,Common_333,Unknown,Powder,Herb,0
Herb_334,Botanical_334,Common_334,Unknown,Powder,Herb,0
Herb_335,Botanical_335,Common_335,Unknown,Powder,Herb,0
Herb_336,Botanical_336,Common_336,Unknown,Powder,Herb,0
Herb_337,Botanical_337,Common_337,Unknown,Powder,Herb,0
Herb_338,Botanical_338,Common_338,Unknown,Powder,Herb,0
Herb_339,Botanical_339,Common_339,Unknown,Powder,Herb,0
Herb_340,Botanical_340,Common_340,Unknown,Powder,Herb,0
Herb_341,Botanical_341,Common_341,Unknown,Powder,Herb,0
Herb_342,Botanical_342,Common_342,Unknown,Powder,Herb,0
Herb_343,Botanical_343,Common_343,Unknown,Powder,Herb,0
Herb_344,Botanical_344,Common_344,Unknown,Powder,Herb,0
Herb_345,Botanical_345,Common_345,Unknown,Powder,Herb,0
Herb_346,Botanical_346,Common_346,Unknown,Powder,Herb,0
Herb_347,Botanical_347,Common_347,Unknown,Powder,Herb,0
Herb_348,Botanical_348,Common_348,Unknown,Powder,Herb,0
Herb_349,Botanical_349,Common_349,Unknown,Powder,Herb,0
Herb_350,Botanical_350,Common_350,Unknown,Powder,Herb,0
Herb_351,Botanical_351,Common_351,Unknown,Powder,Herb,0
Herb_352,Botanical_352,Common_352,Unknown,Powder,Herb,0
Herb_353,Botanical_353,Common_353,Unknown,Powder,Herb,0
Herb_354,Botanical_354,Common_354,Unknown,Powder,Herb,0
Herb_355,Botanical_355,Common_355,Unknown,Powder,Herb,0
Herb_356,Botanical_356,Common_356,Unknown,Powder,Herb,0
Herb_357,Botanical_357,Common_357,Unknown,Powder,Herb,0
Herb_358,Botanical_358,Common_358,Unknown,Powder,Herb,0
Herb_359,Botanical_359,Common_359,Unknown,Powder,Herb,0
Herb_360,Botanical_360,Common_360,Unknown,Powder,Herb,0
Herb_361,Botanical_361,Common_361,Unknown,Powder,Herb,0
Herb_362,Botanical_362,Common_362,Unknown,Powder,Herb,0
Herb_363,Botanical_363,Common_363,Unknown,Powder,Herb,0
Herb_364,Botanical_364,Common_364,Unknown,Powder,Herb,0
Herb_365,Botanical_365,Common_365,Unknown,Powder,Herb,0
Herb_366,Botanical_366,Common_366,Unknown,Powder,Herb,0
Herb_367,Botanical_367,Common_367,Unknown,Powder,Herb,0
Herb_368,Botanical_368,Common_368,Unknown,Powder,Herb,0
Herb_369,Botanical_369,Common_369,Unknown,Powder,Herb,0
Herb_370,Botanical_370,Common_370,Unknown,Powder,Herb,0
Herb_371,Botanical_371,Common_371,Unknown,Powder,Herb,0
Herb_372,Botanical_372,Common_372,Unknown,Powder,Herb,0
Herb_373,Botanical_373,Common_373,Unknown,Powder,Herb,0
Herb_374,Botanical_374,Common_374,Unknown,Powder,Herb,0
Herb_375,Botanical_375,Common_375,Unknown,Powder,Herb,0
Herb_376,Botanical_376,Common_376,Unknown,Powder,Herb,0
Herb_377,Botanical_377,Common_377,Unknown,Powder,Herb,0
Herb_378,Botanical_378,Common_378,Unknown,Powder,Herb,0
Herb_379,Botanical_379,Common_379,Unknown,Powder,Herb,0
Herb_380,Botanical_380,Common_380,Unknown,Powder,Herb,0
Herb_381,Botanical_381,Common_381,Unknown,Powder,Herb,0
Herb_382,Botanical_382,Common_382,Unknown,Powder,Herb,0
Herb_383,Botanical_383,Common_383,Unknown,Powder,Herb,0
Herb_384,Botanical_384,Common_384,Unknown,Powder,Herb,0
Herb_385,Botanical_385,Common_385,Unknown,Powder,Herb,0
Herb_386,Botanical_386,Common_386,Unknown,Powder,Herb,0
Herb_387,Botanical_387,Common_387,Unknown,Powder,Herb,0
Herb_388,Botanical_388,Common_388,Unknown,Powder,Herb,0
Herb_389,Botanical_389,Common_389,Unknown,Powder,Herb,0
Herb_390,Botanical_390,Common_390,Unknown,Powder,Herb,0
Herb_391,Botanical_391,Common_391,Unknown,Powder,Herb,0
Herb_392,Botanical_392,Common_392,Unknown,Powder,Herb,0
Herb_393,Botanical_393,Common_393,Unknown,Powder,Herb,0
Herb_394,Botanical_394,Common_394,Unknown,Powder,Herb,0
Herb_395,Botanical_395,Common_395,Unknown,Powder,Herb,0
Herb_396,Botanical_396,Common_396,Unknown,Powder,Herb,0
Herb_397,Botanical_397,Common_397,Unknown,Powder,Herb,0
Herb_398,Botanical_398,Common_398,Unknown,Powder,Herb,0
Herb_399,Botanical_399,Common_399,Unknown,Powder,Herb,0
Herb_400,Botanical_400,Common_400,Unknown,Powder,Herb,0
Herb_401,Botanical_401,Common_401,Unknown,Powder,Herb,0
Herb_402,Botanical_402,Common_402,Unknown,Powder,Herb,0
Herb_403,Botanical_403,Common_403,Unknown,Powder,Herb,0
Herb_404,Botanical_404,Common_404,Unknown,Powder,Herb,0
Herb_405,Botanical_405,Common_405,Unknown,Powder,Herb,0
Herb_406,Botanical_406,Common_406,Unknown,Powder,Herb,0
Herb_407,Botanical_407,Common_407,Unknown,Powder,Herb,0
Herb_408,Botanical_408,Common_408,Unknown,Powder,Herb,0
Herb_409,Botanical_409,Common_409,Unknown,Powder,Herb,0
Herb_410,Botanical_410,Common_410,Unknown,Powder,Herb,0
Herb_411,Botanical_411,Common_411,Unknown,Powder,Herb,0
Herb_412,Botanical_412,Common_412,Unknown,Powder,Herb,0
Herb_413,Botanical_413,Common_413,Unknown,Powder,Herb,0
Herb_414,Botanical_414,Common_414,Unknown,Powder,Herb,0
Herb_415,Botanical_415,Common_415,Unknown,Powder,Herb,0
Herb_416,Botanical_416,Common_416,Unknown,Powder,Herb,0
Herb_417,Botanical_417,Common_417,Unknown,Powder,Herb,0
Herb_418,Botanical_418,Common_418,Unknown,Powder,Herb,0
Herb_419,Botanical_419,Common_419,Unknown,Powder,Herb,0
Herb_420,Botanical_420,Common_420,Unknown,Powder,Herb,0
Herb_421,Botanical_421,Common_421,Unknown,Powder,Herb,0
Herb_422,Botanical_422,Common_422,Unknown,Powder,Herb,0
Herb_423,Botanical_423,Common_423,Unknown,Powder,Herb,0
Herb_424,Botanical_424,Common_424,Unknown,Powder,Herb,0
Herb_425,Botanical_425,Common_425,Unknown,Powder,Herb,0
Herb_426,Botanical_426,Common_426,Unknown,Powder,Herb,0
Herb_427,Botanical_427,Common_427,Unknown,Powder,Herb,0
Herb_428,Botanical_428,Common_428,Unknown,Powder,Herb,0
Herb_429,Botanical_429,Common_429,Unknown,Powder,Herb,0
Herb_430,Botanical_430,Common_430,Unknown,Powder,Herb,0
Herb_431,Botanical_431,Common_431,Unknown,Powder,Herb,0
Herb_432,Botanical_432,Common_432,Unknown,Powder,Herb,0
Herb_433,Botanical_433,Common_433,Unknown,Powder,Herb,0
Herb_434,Botanical_434,Common_434,Unknown,Powder,Herb,0
Herb_435,Botanical_435,Common_435,Unknown,Powder,Herb,0
Herb_436,Botanical_436,Common_436,Unknown,Powder,Herb,0
Herb_437,Botanical_437,Common_437,Unknown,Powder,Herb,0
Herb_438,Botanical_438,Common_438,Unknown,Powder,Herb,0
Herb_439,Botanical_439,Common_439,Unknown,Powder,Herb,0
Herb_440,Botanical_440,Common_440,Unknown,Powder,Herb,0
Herb_441,Botanical_441,Common_441,Unknown,Powder,Herb,0
Herb_442,Botanical_442,Common_442,Unknown,Powder,Herb,0
Herb_443,Botanical_443,Common_443,Unknown,Powder,Herb,0
Herb_444,Botanical_444,Common_444,Unknown,Powder,Herb,0
Herb_445,Botanical_445,Common_445,Unknown,Powder,Herb,0
Herb_446,Botanical_446,Common_446,Unknown,Powder,Herb,0
Herb_447,Botanical_447,Common_447,Unknown,Powder,Herb,0
Herb_448,Botanical_448,Common_448,Unknown,Powder,Herb,0
Herb_449,Botanical_449,Common_449,Unknown,Powder,Herb,0
Herb_450,Botanical_450,Common_450,Unknown,Powder,Herb,0
Herb_451,Botanical_451,Common_451,Unknown,Powder,Herb,0
Herb_452,Botanical_452,Common_452,Unknown,Powder,Herb,0
Herb_453,Botanical_453,Common_453,Unknown,Powder,Herb,0
Herb_454,Botanical_454,Common_454,Unknown,Powder,Herb,0
Herb_455,Botanical_455,Common_455,Unknown,Powder,Herb,0
Herb_456,Botanical_456,Common_456,Unknown,Powder,Herb,0
Herb_457,Botanical_457,Common_457,Unknown,Powder,Herb,0
Herb_458,Botanical_458,Common_458,Unknown,Powder,Herb,0
Herb_459,Botanical_459,Common_459,Unknown,Powder,Herb,0
Herb_460,Botanical_460,Common_460,Unknown,Powder,Herb,0
Herb_461,Botanical_461,Common_461,Unknown,Powder,Herb,0
Herb_462,Botanical_462,Common_462,Unknown,Powder,Herb,0
Herb_463,Botanical_463,Common_463,Unknown,Powder,Herb,0
Herb_464,Botanical_464,Common_464,Unknown,Powder,Herb,0
Herb_465,Botanical_465,Common_465,Unknown,Powder,Herb,0
Herb_466,Botanical_466,Common_466,Unknown,Powder,Herb,0
Herb_467,Botanical_467,Common_467,Unknown,Powder,Herb,0
Herb_468,Botanical_468,Common_468,Unknown,Powder,Herb,0
Herb_469,Botanical_469,Common_469,Unknown,Powder,Herb,0
Herb_470,Botanical_470,Common_470,Unknown,Powder,Herb,0
Herb_471,Botanical_471,Common_471,Unknown,Powder,Herb,0
Herb_472,Botanical_472,Common_472,Unknown,Powder,Herb,0
Herb_473,Botanical_473,Common_473,Unknown,Powder,Herb,0
Herb_474,Botanical_474,Common_474,Unknown,Powder,Herb,0
Herb_475,Botanical_475,Common_475,Unknown,Powder,Herb,0
Herb_476,Botanical_476,Common_476,Unknown,Powder,Herb,0
Herb_477,Botanical_477,Common_477,Unknown,Powder,Herb,0
Herb_478,Botanical_478,Common_478,Unknown,Powder,Herb,0
Herb_479,Botanical_479,Common_479,Unknown,Powder,Herb,0
Herb_480,Botanical_480,Common_480,Unknown,Powder,Herb,0
Herb_481,Botanical_481,Common_481,Unknown,Powder,Herb,0
Herb_482,Botanical_482,Common_482,Unknown,Powder,Herb,0
Herb_483,Botanical_483,Common_483,Unknown,Powder,Herb,0
Herb_484,Botanical_484,Common_484,Unknown,Powder,Herb,0
Herb_485,Botanical_485,Common_485,Unknown,Powder,Herb,0
Herb_486,Botanical_486,Common_486,Unknown,Powder,Herb,0
Herb_487,Botanical_487,Common_487,Unknown,Powder,Herb,0
Herb_488,Botanical_488,Common_488,Unknown,Powder,Herb,0
Herb_489,Botanical_489,Common_489,Unknown,Powder,Herb,0
Herb_490,Botanical_490,Common_490,Unknown,Powder,Herb,0
Herb_491,Botanical_491,Common_491,Unknown,Powder,Herb,0
Herb_492,Botanical_492,Common_492,Unknown,Powder,Herb,0
Herb_493,Botanical_493,Common_493,Unknown,Powder,Herb,0
Herb_494,Botanical_494,Common_494,Unknown,Powder,Herb,0
Herb_495,Botanical_495,Common_495,Unknown,Powder,Herb,0
Herb_496,Botanical_496,Common_496,Unknown,Powder,Herb,0
Herb_497,Botanical_497,Common_497,Unknown,Powder,Herb,0
Herb_498,Botanical_498,Common_498,Unknown,Powder,Herb,0
Herb_499,Botanical_499,Common_499,Unknown,Powder,Herb,0
Herb_500,Botanical_500,Common_500,Unknown,Powder,Herb,0
Herb_501,Botanical_501,Common_501,Unknown,Powder,Herb,0
Herb_502,Botanical_502,Common_502,Unknown,Powder,Herb,0
Herb_503,Botanical_503,Common_503,Unknown,Powder,Herb,0
Herb_504,Botanical_504,Common_504,Unknown,Powder,Herb,0
Herb_505,Botanical_505,Common_505,Unknown,Powder,Herb,0
Herb_506,Botanical_506,Common_506,Unknown,Powder,Herb,0
Herb_507,Botanical_507,Common_507,Unknown,Powder,Herb,0
Herb_508,Botanical_508,Common_508,Unknown,Powder,Herb,0
Herb_509,Botanical_509,Common_509,Unknown,Powder,Herb,0
Herb_510,Botanical_510,Common_510,Unknown,Powder,Herb,0
Herb_511,Botanical_511,Common_511,Unknown,Powder,Herb,0
Herb_512,Botanical_512,Common_512,Unknown,Powder,Herb,0
Herb_513,Botanical_513,Common_513,Unknown,Powder,Herb,0
Herb_514,Botanical_514,Common_514,Unknown,Powder,Herb,0
Herb_515,Botanical_515,Common_515,Unknown,Powder,Herb,0
Herb_516,Botanical_516,Common_516,Unknown,Powder,Herb,0
Herb_517,Botanical_517,Common_517,Unknown,Powder,Herb,0
Herb_518,Botanical_518,Common_518,Unknown,Powder,Herb,0
Herb_519,Botanical_519,Common_519,Unknown,Powder,Herb,0
Herb_520,Botanical_520,Common_520,Unknown,Powder,Herb,0
Herb_521,Botanical_521,Common_521,Unknown,Powder,Herb,0
Herb_522,Botanical_522,Common_522,Unknown,Powder,Herb,0
Herb_523,Botanical_523,Common_523,Unknown,Powder,Herb,0
Herb_524,Botanical_524,Common_524,Unknown,Powder,Herb,0
Herb_525,Botanical_525,Common_525,Unknown,Powder,Herb,0
Herb_526,Botanical_526,Common_526,Unknown,Powder,Herb,0
Herb_527,Botanical_527,Common_527,Unknown,Powder,Herb,0
Herb_528,Botanical_528,Common_528,Unknown,Powder,Herb,0
Herb_529,Botanical_529,Common_529,Unknown,Powder,Herb,0
Herb_530,Botanical_530,Common_530,Unknown,Powder,Herb,0
Herb_531,Botanical_531,Common_531,Unknown,Powder,Herb,0
Herb_532,Botanical_532,Common_532,Unknown,Powder,Herb,0
Herb_533,Botanical_533,Common_533,Unknown,Powder,Herb,0
Herb_534,Botanical_534,Common_534,Unknown,Powder,Herb,0
Herb_535,Botanical_535,Common_535,Unknown,Powder,Herb,0
Herb_536,Botanical_536,Common_536,Unknown,Powder,Herb,0
Herb_537,Botanical_537,Common_537,Unknown,Powder,Herb,0
Herb_538,Botanical_538,Common_538,Unknown,Powder,Herb,0
Herb_539,Botanical_539,Common_539,Unknown,Powder,Herb,0
Herb_540,Botanical_540,Common_540,Unknown,Powder,Herb,0
Herb_541,Botanical_541,Common_541,Unknown,Powder,Herb,0
Herb_542,Botanical_542,Common_542,Unknown,Powder,Herb,0
Herb_543,Botanical_543,Common_543,Unknown,Powder,Herb,0
Herb_544,Botanical_544,Common_544,Unknown,Powder,Herb,0
Herb_545,Botanical_545,Common_545,Unknown,Powder,Herb,0
Herb_546,Botanical_546,Common_546,Unknown,Powder,Herb,0
Herb_547,Botanical_547,Common_547,Unknown,Powder,Herb,0
Herb_548,Botanical_548,Common_548,Unknown,Powder,Herb,0
Herb_549,Botanical_549,Common_549,Unknown,Powder,Herb,0
Herb_550,Botanical_550,Common_550,Unknown,Powder,Herb,0
Herb_551,Botanical_551,Common_551,Unknown,Powder,Herb,0
Herb_552,Botanical_552,Common_552,Unknown,Powder,Herb,0
Herb_553,Botanical_553,Common_553,Unknown,Powder,Herb,0
Herb_554,Botanical_554,Common_554,Unknown,Powder,Herb,0
Herb_555,Botanical_555,Common_555,Unknown,Powder,Herb,0
Herb_556,Botanical_556,Common_556,Unknown,Powder,Herb,0
Herb_557,Botanical_557,Common_557,Unknown,Powder,Herb,0
Herb_558,Botanical_558,Common_558,Unknown,Powder,Herb,0
Herb_559,Botanical_559,Common_559,Unknown,Powder,Herb,0
Herb_560,Botanical_560,Common_560,Unknown,Powder,Herb,0
Herb_561,Botanical_561,Common_561,Unknown,Powder,Herb,0
Herb_562,Botanical_562,Common_562,Unknown,Powder,Herb,0
Herb_563,Botanical_563,Common_563,Unknown,Powder,Herb,0
Herb_564,Botanical_564,Common_564,Unknown,Powder,Herb,0
Herb_565,Botanical_565,Common_565,Unknown,Powder,Herb,0
Herb_566,Botanical_566,Common_566,Unknown,Powder,Herb,0
Herb_567,Botanical_567,Common_567,Unknown,Powder,Herb,0
Herb_568,Botanical_568,Common_568,Unknown,Powder,Herb,0
Herb_569,Botanical_569,Common_569,Unknown,Powder,Herb,0
Herb_570,Botanical_570,Common_570,Unknown,Powder,Herb,0
Herb_571,Botanical_571,Common_571,Unknown,Powder,Herb,0
Herb_572,Botanical_572,Common_572,Unknown,Powder,Herb,0
Herb_573,Botanical_573,Common_573,Unknown,Powder,Herb,0
Herb_574,Botanical_574,Common_574,Unknown,Powder,Herb,0
Herb_575,Botanical_575,Common_575,Unknown,Powder,Herb,0
Herb_576,Botanical_576,Common_576,Unknown,Powder,Herb,0
Herb_577,Botanical_577,Common_577,Unknown,Powder,Herb,0
Herb_578,Botanical_578,Common_578,Unknown,Powder,Herb,0
Herb_579,Botanical_579,Common_579,Unknown,Powder,Herb,0
Herb_580,Botanical_580,Common_580,Unknown,Powder,Herb,0
Herb_581,Botanical_581,Common_581,Unknown,Powder,Herb,0
Herb_582,Botanical_582,Common_582,Unknown,Powder,Herb,0
Herb_583,Botanical_583,Common_583,Unknown,Powder,Herb,0
Herb_584,Botanical_584,Common_584,Unknown,Powder,Herb,0
Herb_585,Botanical_585,Common_585,Unknown,Powder,Herb,0
Herb_586,Botanical_586,Common_586,Unknown,Powder,Herb,0
Herb_587,Botanical_587,Common_587,Unknown,Powder,Herb,0
Herb_588,Botanical_588,Common_588,Unknown,Powder,Herb,0
Herb_589,Botanical_589,Common_589,Unknown,Powder,Herb,0
Herb_590,Botanical_590,Common_590,Unknown,Powder,Herb,0
Herb_591,Botanical_591,Common_591,Unknown,Powder,Herb,0
Herb_592,Botanical_592,Common_592,Unknown,Powder,Herb,0
Herb_593,Botanical_593,Common_593,Unknown,Powder,Herb,0
Herb_594,Botanical_594,Common_594,Unknown,Powder,Herb,0
Herb_595,Botanical_595,Common_595,Unknown,Powder,Herb,0
Herb_596,Botanical_596,Common_596,Unknown,Powder,Herb,0
Herb_597,Botanical_597,Common_597,Unknown,Powder,Herb,0
Herb_598,Botanical_598,Common_598,Unknown,Powder,Herb,0
Herb_599,Botanical_599,Common_599,Unknown,Powder,Herb,0
Herb_600,Botanical_600,Common_600,Unknown,Powder,Herb,0
Herb_601,Botanical_601,Common_601,Unknown,Powder,Herb,0
Herb_602,Botanical_602,Common_602,Unknown,Powder,Herb,0
Herb_603,Botanical_603,Common_603,Unknown,Powder,Herb,0
Herb_604,Botanical_604,Common_604,Unknown,Powder,Herb,0
Herb_605,Botanical_605,Common_605,Unknown,Powder,Herb,0
Herb_606,Botanical_606,Common_606,Unknown,Powder,Herb,0
Herb_607,Botanical_607,Common_607,Unknown,Powder,Herb,0
Herb_608,Botanical_608,Common_608,Unknown,Powder,Herb,0
Herb_609,Botanical_609,Common_609,Unknown,Powder,Herb,0
Herb_610,Botanical_610,Common_610,Unknown,Powder,Herb,0
Herb_611,Botanical_611,Common_611,Unknown,Powder,Herb,0
Herb_612,Botanical_612,Common_612,Unknown,Powder,Herb,0
Herb_613,Botanical_613,Common_613,Unknown,Powder,Herb,0
Herb_614,Botanical_614,Common_614,Unknown,Powder,Herb,0
Herb_615,Botanical_615,Common_615,Unknown,Powder,Herb,0
Herb_616,Botanical_616,Common_616,Unknown,Powder,Herb,0
Herb_617,Botanical_617,Common_617,Unknown,Powder,Herb,0
Herb_618,Botanical_618,Common_618,Unknown,Powder,Herb,0
Herb_619,Botanical_619,Common_619,Unknown,Powder,Herb,0
Herb_620,Botanical_620,Common_620,Unknown,Powder,Herb,0
Herb_621,Botanical_621,Common_621,Unknown,Powder,Herb,0
Herb_622,Botanical_622,Common_622,Unknown,Powder,Herb,0
Herb_623,Botanical_623,Common_623,Unknown,Powder,Herb,0
Herb_624,Botanical_624,Common_624,Unknown,Powder,Herb,0
Herb_625,Botanical_625,Common_625,Unknown,Powder,Herb,0
Herb_626,Botanical_626,Common_626,Unknown,Powder,Herb,0
Herb_627,Botanical_627,Common_627,Unknown,Powder,Herb,0
Herb_628,Botanical_628,Common_628,Unknown,Powder,Herb,0
Herb_629,Botanical_629,Common_629,Unknown,Powder,Herb,0
Herb_630,Botanical_630,Common_630,Unknown,Powder,Herb,0
Herb_631,Botanical_631,Common_631,Unknown,Powder,Herb,0
Herb_632,Botanical_632,Common_632,Unknown,Powder,Herb,0
Herb_633,Botanical_633,Common_633,Unknown,Powder,Herb,0
Herb_634,Botanical_634,Common_634,Unknown,Powder,Herb,0
Herb_635,Botanical_635,Common_635,Unknown,Powder,Herb,0
Herb_636,Botanical_636,Common_636,Unknown,Powder,Herb,0
Herb_637,Botanical_637,Common_637,Unknown,Powder,Herb,0
Herb_638,Botanical_638,Common_638,Unknown,Powder,Herb,0
Herb_639,Botanical_639,Common_639,Unknown,Powder,Herb,0
Herb_640,Botanical_640,Common_640,Unknown,Powder,Herb,0
Herb_641,Botanical_641,Common_641,Unknown,Powder,Herb,0
Herb_642,Botanical_642,Common_642,Unknown,Powder,Herb,0
Herb_643,Botanical_643,Common_643,Unknown,Powder,Herb,0
Herb_644,Botanical_644,Common_644,Unknown,Powder,Herb,0
Herb_645,Botanical_645,Common_645,Unknown,Powder,Herb,0
Herb_646,Botanical_646,Common_646,Unknown,Powder,Herb,0
Herb_647,Botanical_647,Common_647,Unknown,Powder,Herb,0
Herb_648,Botanical_648,Common_648,Unknown,Powder,Herb,0
Herb_649,Botanical_649,Common_649,Unknown,Powder,Herb,0
Herb_650,Botanical_650,Common_650,Unknown,Powder,Herb,0
Herb_651,Botanical_651,Common_651,Unknown,Powder,Herb,0
Herb_652,Botanical_652,Common_652,Unknown,Powder,Herb,0
Herb_653,Botanical_653,Common_653,Unknown,Powder,Herb,0
Herb_654,Botanical_654,Common_654,Unknown,Powder,Herb,0
Herb_655,Botanical_655,Common_655,Unknown,Powder,Herb,0
Herb_656,Botanical_656,Common_656,Unknown,Powder,Herb,0
Herb_657,Botanical_657,Common_657,Unknown,Powder,Herb,0
Herb_658,Botanical_658,Common_658,Unknown,Powder,Herb,0
Herb_659,Botanical_659,Common_659,Unknown,Powder,Herb,0
Herb_660,Botanical_660,Common_660,Unknown,Powder,Herb,0
Herb_661,Botanical_661,Common_661,Unknown,Powder,Herb,0
Herb_662,Botanical_662,Common_662,Unknown,Powder,Herb,0
Herb_663,Botanical_663,Common_663,Unknown,Powder,Herb,0
Herb_664,Botanical_664,Common_664,Unknown,Powder,Herb,0
Herb_665,Botanical_665,Common_665,Unknown,Powder,Herb,0
Herb_666,Botanical_666,Common_666,Unknown,Powder,Herb,0
Herb_667,Botanical_667,Common_667,Unknown,Powder,Herb,0
Herb_668,Botanical_668,Common_668,Unknown,Powder,Herb,0
Herb_669,Botanical_669,Common_669,Unknown,Powder,Herb,0
Herb_670,Botanical_670,Common_670,Unknown,Powder,Herb,0
Herb_671,Botanical_671,Common_671,Unknown,Powder,Herb,0
Herb_672,Botanical_672,Common_672,Unknown,Powder,Herb,0
Herb_673,Botanical_673,Common_673,Unknown,Powder,Herb,0
Herb_674,Botanical_674,Common_674,Unknown,Powder,Herb,0
Herb_675,Botanical_675,Common_675,Unknown,Powder,Herb,0
Herb_676,Botanical_676,Common_676,Unknown,Powder,Herb,0
Herb_677,Botanical_677,Common_677,Unknown,Powder,Herb,0
Herb_678,Botanical_678,Common_678,Unknown,Powder,Herb,0
Herb_679,Botanical_679,Common_679,Unknown,Powder,Herb,0
Herb_680,Botanical_680,Common_680,Unknown,Powder,Herb,0
Herb_681,Botanical_681,Common_681,Unknown,Powder,Herb,0
Herb_682,Botanical_682,Common_682,Unknown,Powder,Herb,0
Herb_683,Botanical_683,Common_683,Unknown,Powder,Herb,0
Herb_684,Botanical_684,Common_684,Unknown,Powder,Herb,0
Herb_685,Botanical_685,Common_685,Unknown,Powder,Herb,0
Herb_686,Botanical_686,Common_686,Unknown,Powder,Herb,0
Herb_687,Botanical_687,Common_687,Unknown,Powder,Herb,0
Herb_688,Botanical_688,Common_688,Unknown,Powder,Herb,0
Herb_689,Botanical_689,Common_689,Unknown,Powder,Herb,0
Herb_690,Botanical_690,Common_690,Unknown,Powder,Herb,0
Herb_691,Botanical_691,Common_691,Unknown,Powder,Herb,0
Herb_692,Botanical_692,Common_692,Unknown,Powder,Herb,0
Herb_693,Botanical_693,Common_693,Unknown,Powder,Herb,0
Herb_694,Botanical_694,Common_694,Unknown,Powder,Herb,0
Herb_695,Botanical_695,Common_695,Unknown,Powder,Herb,0
Herb_696,Botanical_696,Common_696,Unknown,Powder,Herb,0
Herb_697,Botanical_697,Common_697,Unknown,Powder,Herb,0
Herb_698,Botanical_698,Common_698,Unknown,Powder,Herb,0
Herb_699,Botanical_699,Common_699,Unknown,Powder,Herb,0
Herb_700,Botanical_700,Common_700,Unknown,Powder,Herb,0
Herb_701,Botanical_701,Common_701,Unknown,Powder,Herb,0
Herb_702,Botanical_702,Common_702,Unknown,Powder,Herb,0
Herb_703,Botanical_703,Common_703,Unknown,Powder,Herb,0
Herb_704,Botanical_704,Common_704,Unknown,Powder,Herb,0
Herb_705,Botanical_705,Common_705,Unknown,Powder,Herb,0
Herb_706,Botanical_706,Common_706,Unknown,Powder,Herb,0
Herb_707,Botanical_707,Common_707,Unknown,Powder,Herb,0
Herb_708,Botanical_708,Common_708,Unknown,Powder,Herb,0
Herb_709,Botanical_709,Common_709,Unknown,Powder,Herb,0
Herb_710,Botanical_710,Common_710,Unknown,Powder,Herb,0
Herb_711,Botanical_711,Common_711,Unknown,Powder,Herb,0
Herb_712,Botanical_712,Common_712,Unknown,Powder,Herb,0
Herb_713,Botanical_713,Common_713,Unknown,Powder,Herb,0
Herb_714,Botanical_714,Common_714,Unknown,Powder,Herb,0
Herb_715,Botanical_715,Common_715,Unknown,Powder,Herb,0
Herb_716,Botanical_716,Common_716,Unknown,Powder,Herb,0
Herb_717,Botanical_717,Common_717,Unknown,Powder,Herb,0
Herb_718,Botanical_718,Common_718,Unknown,Powder,Herb,0
Herb_719,Botanical_719,Common_719,Unknown,Powder,Herb,0
Herb_720,Botanical_720,Common_720,Unknown,Powder,Herb,0
Herb_721,Botanical_721,Common_721,Unknown,Powder,Herb,0
Herb_722,Botanical_722,Common_722,Unknown,Powder,Herb,0
Herb_723,Botanical_723,Common_723,Unknown,Powder,Herb,0
Herb_724,Botanical_724,Common_724,Unknown,Powder,Herb,0
Herb_725,Botanical_725,Common_725,Unknown,Powder,Herb,0
Herb_726,Botanical_726,Common_726,Unknown,Powder,Herb,0
Herb_727,Botanical_727,Common_727,Unknown,Powder,Herb,0
Herb_728,Botanical_728,Common_728,Unknown,Powder,Herb,0
Herb_729,Botanical_729,Common_729,Unknown,Powder,Herb,0
Herb_730,Botanical_730,Common_730,Unknown,Powder,Herb,0
Herb_731,Botanical_731,Common_731,Unknown,Powder,Herb,0
Herb_732,Botanical_732,Common_732,Unknown,Powder,Herb,0
Herb_733,Botanical_733,Common_733,Unknown,Powder,Herb,0
Herb_734,Botanical_734,Common_734,Unknown,Powder,Herb,0
Herb_735,Botanical_735,Common_735,Unknown,Powder,Herb,0
Herb_736,Botanical_736,Common_736,Unknown,Powder,Herb,0
Herb_737,Botanical_737,Common_737,Unknown,Powder,Herb,0
Herb_738,Botanical_738,Common_738,Unknown,Powder,Herb,0
Herb_739,Botanical_739,Common_739,Unknown,Powder,Herb,0
Herb_740,Botanical_740,Common_740,Unknown,Powder,Herb,0
Herb_741,Botanical_741,Common_741,Unknown,Powder,Herb,0
Herb_742,Botanical_742,Common_742,Unknown,Powder,Herb,0
Herb_743,Botanical_743,Common_743,Unknown,Powder,Herb,0
Herb_744,Botanical_744,Common_744,Unknown,Powder,Herb,0
Herb_745,Botanical_745,Common_745,Unknown,Powder,Herb,0
Herb_746,Botanical_746,Common_746,Unknown,Powder,Herb,0
Herb_747,Botanical_747,Common_747,Unknown,Powder,Herb,0
Herb_748,Botanical_748,Common_748,Unknown,Powder,Herb,0
Herb_749,Botanical_749,Common_749,Unknown,Powder,Herb,0
Herb_750,Botanical_750,Common_750,Unknown,Powder,Herb,0
Herb_751,Botanical_751,Common_751,Unknown,Powder,Herb,0
Herb_752,Botanical_752,Common_752,Unknown,Powder,Herb,0
Herb_753,Botanical_753,Common_753,Unknown,Powder,Herb,0
Herb_754,Botanical_754,Common_754,Unknown,Powder,Herb,0
Herb_755,Botanical_755,Common_755,Unknown,Powder,Herb,0
Herb_756,Botanical_756,Common_756,Unknown,Powder,Herb,0
Herb_757,Botanical_757,Common_757,Unknown,Powder,Herb,0
Herb_758,Botanical_758,Common_758,Unknown,Powder,Herb,0
Herb_759,Botanical_759,Common_759,Unknown,Powder,Herb,0
Herb_760,Botanical_760,Common_760,Unknown,Powder,Herb,0
Herb_761,Botanical_761,Common_761,Unknown,Powder,Herb,0
Herb_762,Botanical_762,Common_762,Unknown,Powder,Herb,0
Herb_763,Botanical_763,Common_763,Unknown,Powder,Herb,0
Herb_764,Botanical_764,Common_764,Unknown,Powder,Herb,0
Herb_765,Botanical_765,Common_765,Unknown,Powder,Herb,0
Herb_766,Botanical_766,Common_766,Unknown,Powder,Herb,0
Herb_767,Botanical_767,Common_767,Unknown,Powder,Herb,0
Herb_768,Botanical_768,Common_768,Unknown,Powder,Herb,0
Herb_769,Botanical_769,Common_769,Unknown,Powder,Herb,0
Herb_770,Botanical_770,Common_770,Unknown,Powder,Herb,0
Herb_771,Botanical_771,Common_771,Unknown,Powder,Herb,0
Herb_772,Botanical_772,Common_772,Unknown,Powder,Herb,0
Herb_773,Botanical_773,Common_773,Unknown,Powder,Herb,0
Herb_774,Botanical_774,Common_774,Unknown,Powder,Herb,0
Herb_775,Botanical_775,Common_775,Unknown,Powder,Herb,0
Herb_776,Botanical_776,Common_776,Unknown,Powder,Herb,0
Herb_777,Botanical_777,Common_777,Unknown,Powder,Herb,0
Herb_778,Botanical_778,Common_778,Unknown,Powder,Herb,0
Herb_779,Botanical_779,Common_779,Unknown,Powder,Herb,0
Herb_780,Botanical_780,Common_780,Unknown,Powder,Herb,0
Herb_781,Botanical_781,Common_781,Unknown,Powder,Herb,0
Herb_782,Botanical_782,Common_782,Unknown,Powder,Herb,0
Herb_783,Botanical_783,Common_783,Unknown,Powder,Herb,0
Herb_784,Botanical_784,Common_784,Unknown,Powder,Herb,0
Herb_785,Botanical_785,Common_785,Unknown,Powder,Herb,0
Herb_786,Botanical_786,Common_786,Unknown,Powder,Herb,0
Herb_787,Botanical_787,Common_787,Unknown,Powder,Herb,0
Herb_788,Botanical_788,Common_788,Unknown,Powder,Herb,0
Herb_789,Botanical_789,Common_789,Unknown,Powder,Herb,0
Herb_790,Botanical_790,Common_790,Unknown,Powder,Herb,0
Herb_791,Botanical_791,Common_791,Unknown,Powder,Herb,0
Herb_792,Botanical_792,Common_792,Unknown,Powder,Herb,0
Herb_793,Botanical_793,Common_793,Unknown,Powder,Herb,0
Herb_794,Botanical_794,Common_794,Unknown,Powder,Herb,0
Herb_795,Botanical_795,Common_795,Unknown,Powder,Herb,0
Herb_796,Botanical_796,Common_796,Unknown,Powder,Herb,0
Herb_797,Botanical_797,Common_797,Unknown,Powder,Herb,0
Herb_798,Botanical_798,Common_798,Unknown,Powder,Herb,0
Herb_799,Botanical_799,Common_799,Unknown,Powder,Herb,0
Herb_800,Botanical_800,Common_800,Unknown,Powder,Herb,0
Herb_801,Botanical_801,Common_801,Unknown,Powder,Herb,0
Herb_802,Botanical_802,Common_802,Unknown,Powder,Herb,0
Herb_803,Botanical_803,Common_803,Unknown,Powder,Herb,0
Herb_804,Botanical_804,Common_804,Unknown,Powder,Herb,0
Herb_805,Botanical_805,Common_805,Unknown,Powder,Herb,0
Herb_806,Botanical_806,Common_806,Unknown,Powder,Herb,0
Herb_807,Botanical_807,Common_807,Unknown,Powder,Herb,0
Herb_808,Botanical_808,Common_808,Unknown,Powder,Herb,0
Herb_809,Botanical_809,Common_809,Unknown,Powder,Herb,0
Herb_810,Botanical_810,Common_810,Unknown,Powder,Herb,0
Herb_811,Botanical_811,Common_811,Unknown,Powder,Herb,0
Herb_812,Botanical_812,Common_812,Unknown,Powder,Herb,0
Herb_813,Botanical_813,Common_813,Unknown,Powder,Herb,0
Herb_814,Botanical_814,Common_814,Unknown,Powder,Herb,0
Herb_815,Botanical_815,Common_815,Unknown,Powder,Herb,0
Herb_816,Botanical_816,Common_816,Unknown,Powder,Herb,0
Herb_817,Botanical_817,Common_817,Unknown,Powder,Herb,0
Herb_818,Botanical_818,Common_818,Unknown,Powder,Herb,0
Herb_819,Botanical_819,Common_819,Unknown,Powder,Herb,0
Herb_820,Botanical_820,Common_820,Unknown,Powder,Herb,0
Herb_821,Botanical_821,Common_821,Unknown,Powder,Herb,0
Herb_822,Botanical_822,Common_822,Unknown,Powder,Herb,0
Herb_823,Botanical_823,Common_823,Unknown,Powder,Herb,0
Herb_824,Botanical_824,Common_824,Unknown,Powder,Herb,0
Herb_825,Botanical_825,Common_825,Unknown,Powder,Herb,0
Herb_826,Botanical_826,Common_826,Unknown,Powder,Herb,0
Herb_827,Botanical_827,Common_827,Unknown,Powder,Herb,0
Herb_828,Botanical_828,Common_828,Unknown,Powder,Herb,0
Herb_829,Botanical_829,Common_829,Unknown,Powder,Herb,0
Herb_830,Botanical_830,Common_830,Unknown,Powder,Herb,0
Herb_831,Botanical_831,Common_831,Unknown,Powder,Herb,0
Herb_832,Botanical_832,Common_832,Unknown,Powder,Herb,0
Herb_833,Botanical_833,Common_833,Unknown,Powder,Herb,0
Herb_834,Botanical_834,Common_834,Unknown,Powder,Herb,0
Herb_835,Botanical_835,Common_835,Unknown,Powder,Herb,0
Herb_836,Botanical_836,Common_836,Unknown,Powder,Herb,0
Herb_837,Botanical_837,Common_837,Unknown,Powder,Herb,0
Herb_838,Botanical_838,Common_838,Unknown,Powder,Herb,0
Herb_839,Botanical_839,Common_839,Unknown,Powder,Herb,0
Herb_840,Botanical_840,Common_840,Unknown,Powder,Herb,0
Herb_841,Botanical_841,Common_841,Unknown,Powder,Herb,0
Herb_842,Botanical_842,Common_842,Unknown,Powder,Herb,0
Herb_843,Botanical_843,Common_843,Unknown,Powder,Herb,0
Herb_844,Botanical_844,Common_844,Unknown,Powder,Herb,0
Herb_845,Botanical_845,Common_845,Unknown,Powder,Herb,0
Herb_846,Botanical_846,Common_846,Unknown,Powder,Herb,0
Herb_847,Botanical_847,Common_847,Unknown,Powder,Herb,0
Herb_848,Botanical_848,Common_848,Unknown,Powder,Herb,0
Herb_849,Botanical_849,Common_849,Unknown,Powder,Herb,0
Herb_850,Botanical_850,Common_850,Unknown,Powder,Herb,0
Herb_851,Botanical_851,Common_851,Unknown,Powder,Herb,0
Herb_852,Botanical_852,Common_852,Unknown,Powder,Herb,0
Herb_853,Botanical_853,Common_853,Unknown,Powder,Herb,0
Herb_854,Botanical_854,Common_854,Unknown,Powder,Herb,0
Herb_855,Botanical_855,Common_855,Unknown,Powder,Herb,0
Herb_856,Botanical_856,Common_856,Unknown,Powder,Herb,0
Herb_857,Botanical_857,Common_857,Unknown,Powder,Herb,0
Herb_858,Botanical_858,Common_858,Unknown,Powder,Herb,0
Herb_859,Botanical_859,Common_859,Unknown,Powder,Herb,0
Herb_860,Botanical_860,Common_860,Unknown,Powder,Herb,0
Herb_861,Botanical_861,Common_861,Unknown,Powder,Herb,0
Herb_862,Botanical_862,Common_862,Unknown,Powder,Herb,0
Herb_863,Botanical_863,Common_863,Unknown,Powder,Herb,0
Herb_864,Botanical_864,Common_864,Unknown,Powder,Herb,0
Herb_865,Botanical_865,Common_865,Unknown,Powder,Herb,0
Herb_866,Botanical_866,Common_866,Unknown,Powder,Herb,0
Herb_867,Botanical_867,Common_867,Unknown,Powder,Herb,0
Herb_868,Botanical_868,Common_868,Unknown,Powder,Herb,0
Herb_869,Botanical_869,Common_869,Unknown,Powder,Herb,0
Herb_870,Botanical_870,Common_870,Unknown,Powder,Herb,0
Herb_871,Botanical_871,Common_871,Unknown,Powder,Herb,0
Herb_872,Botanical_872,Common_872,Unknown,Powder,Herb,0
Herb_873,Botanical_873,Common_873,Unknown,Powder,Herb,0
Herb_874,Botanical_874,Common_874,Unknown,Powder,Herb,0
Herb_875,Botanical_875,Common_875,Unknown,Powder,Herb,0
Herb_876,Botanical_876,Common_876,Unknown,Powder,Herb,0
Herb_877,Botanical_877,Common_877,Unknown,Powder,Herb,0
Herb_878,Botanical_878,Common_878,Unknown,Powder,Herb,0
Herb_879,Botanical_879,Common_879,Unknown,Powder,Herb,0
Herb_880,Botanical_880,Common_880,Unknown,Powder,Herb,0
Herb_881,Botanical_881,Common_881,Unknown,Powder,Herb,0
Herb_882,Botanical_882,Common_882,Unknown,Powder,Herb,0
Herb_883,Botanical_883,Common_883,Unknown,Powder,Herb,0
Herb_884,Botanical_884,Common_884,Unknown,Powder,Herb,0
Herb_885,Botanical_885,Common_885,Unknown,Powder,Herb,0
Herb_886,Botanical_886,Common_886,Unknown,Powder,Herb,0
Herb_887,Botanical_887,Common_887,Unknown,Powder,Herb,0
Herb_888,Botanical_888,Common_888,Unknown,Powder,Herb,0
Herb_889,Botanical_889,Common_889,Unknown,Powder,Herb,0
Herb_890,Botanical_890,Common_890,Unknown,Powder,Herb,0
Herb_891,Botanical_891,Common_891,Unknown,Powder,Herb,0
Herb_892,Botanical_892,Common_892,Unknown,Powder,Herb,0
Herb_893,Botanical_893,Common_893,Unknown,Powder,Herb,0
Herb_894,Botanical_894,Common_894,Unknown,Powder,Herb,0
Herb_895,Botanical_895,Common_895,Unknown,Powder,Herb,0
Herb_896,Botanical_896,Common_896,Unknown,Powder,Herb,0
Herb_897,Botanical_897,Common_897,Unknown,Powder,Herb,0
Herb_898,Botanical_898,Common_898,Unknown,Powder,Herb,0
Herb_899,Botanical_899,Common_899,Unknown,Powder,Herb,0
Herb_900,Botanical_900,Common_900,Unknown,Powder,Herb,0
Herb_901,Botanical_901,Common_901,Unknown,Powder,Herb,0
Herb_902,Botanical_902,Common_902,Unknown,Powder,Herb,0
Herb_903,Botanical_903,Common_903,Unknown,Powder,Herb,0
Herb_904,Botanical_904,Common_904,Unknown,Powder,Herb,0
Herb_905,Botanical_905,Common_905,Unknown,Powder,Herb,0
Herb_906,Botanical_906,Common_906,Unknown,Powder,Herb,0
Herb_907,Botanical_907,Common_907,Unknown,Powder,Herb,0
Herb_908,Botanical_908,Common_908,Unknown,Powder,Herb,0
Herb_909,Botanical_909,Common_909,Unknown,Powder,Herb,0
Herb_910,Botanical_910,Common_910,Unknown,Powder,Herb,0
Herb_911,Botanical_911,Common_911,Unknown,Powder,Herb,0
Herb_912,Botanical_912,Common_912,Unknown,Powder,Herb,0
Herb_913,Botanical_913,Common_913,Unknown,Powder,Herb,0
Herb_914,Botanical_914,Common_914,Unknown,Powder,Herb,0
Herb_915,Botanical_915,Common_915,Unknown,Powder,Herb,0
Herb_916,Botanical_916,Common_916,Unknown,Powder,Herb,0
Herb_917,Botanical_917,Common_917,Unknown,Powder,Herb,0
Herb_918,Botanical_918,Common_918,Unknown,Powder,Herb,0
Herb_919,Botanical_919,Common_919,Unknown,Powder,Herb,0
Herb_920,Botanical_920,Common_920,Unknown,Powder,Herb,0
Herb_921,Botanical_921,Common_921,Unknown,Powder,Herb,0
Herb_922,Botanical_922,Common_922,Unknown,Powder,Herb,0
Herb_923,Botanical_923,Common_923,Unknown,Powder,Herb,0
Herb_924,Botanical_924,Common_924,Unknown,Powder,Herb,0
Herb_925,Botanical_925,Common_925,Unknown,Powder,Herb,0
Herb_926,Botanical_926,Common_926,Unknown,Powder,Herb,0
Herb_927,Botanical_927,Common_927,Unknown,Powder,Herb,0
Herb_928,Botanical_928,Common_928,Unknown,Powder,Herb,0
Herb_929,Botanical_929,Common_929,Unknown,Powder,Herb,0
Herb_930,Botanical_930,Common_930,Unknown,Powder,Herb,0
Herb_931,Botanical_931,Common_931,Unknown,Powder,Herb,0
Herb_932,Botanical_932,Common_932,Unknown,Powder,Herb,0
Herb_933,Botanical_933,Common_933,Unknown,Powder,Herb,0
Herb_934,Botanical_934,Common_934,Unknown,Powder,Herb,0
Herb_935,Botanical_935,Common_935,Unknown,Powder,Herb,0
Herb_936,Botanical_936,Common_936,Unknown,Powder,Herb,0
Herb_937,Botanical_937,Common_937,Unknown,Powder,Herb,0
Herb_938,Botanical_938,Common_938,Unknown,Powder,Herb,0
Herb_939,Botanical_939,Common_939,Unknown,Powder,Herb,0
Herb_940,Botanical_940,Common_940,Unknown,Powder,Herb,0
Herb_941,Botanical_941,Common_941,Unknown,Powder,Herb,0
Herb_942,Botanical_942,Common_942,Unknown,Powder,Herb,0
Herb_943,Botanical_943,Common_943,Unknown,Powder,Herb,0
Herb_944,Botanical_944,Common_944,Unknown,Powder,Herb,0
Herb_945,Botanical_945,Common_945,Unknown,Powder,Herb,0
Herb_946,Botanical_946,Common_946,Unknown,Powder,Herb,0
Herb_947,Botanical_947,Common_947,Unknown,Powder,Herb,0
Herb_948,Botanical_948,Common_948,Unknown,Powder,Herb,0
Herb_949,Botanical_949,Common_949,Unknown,Powder,Herb,0
Herb_950,Botanical_950,Common_950,Unknown,Powder,Herb,0
Herb_951,Botanical_951,Common_951,Unknown,Powder,Herb,0
Herb_952,Botanical_952,Common_952,Unknown,Powder,Herb,0
Herb_953,Botanical_953,Common_953,Unknown,Powder,Herb,0
Herb_954,Botanical_954,Common_954,Unknown,Powder,Herb,0
Herb_955,Botanical_955,Common_955,Unknown,Powder,Herb,0
Herb_956,Botanical_956,Common_956,Unknown,Powder,Herb,0
Herb_957,Botanical_957,Common_957,Unknown,Powder,Herb,0
Herb_958,Botanical_958,Common_958,Unknown,Powder,Herb,0
Herb_959,Botanical_959,Common_959,Unknown,Powder,Herb,0
Herb_960,Botanical_960,Common_960,Unknown,Powder,Herb,0
Herb_961,Botanical_961,Common_961,Unknown,Powder,Herb,0
Herb_962,Botanical_962,Common_962,Unknown,Powder,Herb,0
Herb_963,Botanical_963,Common_963,Unknown,Powder,Herb,0
Herb_964,Botanical_964,Common_964,Unknown,Powder,Herb,0
Herb_965,Botanical_965,Common_965,Unknown,Powder,Herb,0
Herb_966,Botanical_966,Common_966,Unknown,Powder,Herb,0
Herb_967,Botanical_967,Common_967,Unknown,Powder,Herb,0
Herb_968,Botanical_968,Common_968,Unknown,Powder,Herb,0
Herb_969,Botanical_969,Common_969,Unknown,Powder,Herb,0
Herb_970,Botanical_970,Common_970,Unknown,Powder,Herb,0
Herb_971,Botanical_971,Common_971,Unknown,Powder,Herb,0
Herb_972,Botanical_972,Common_972,Unknown,Powder,Herb,0
Herb_973,Botanical_973,Common_973,Unknown,Powder,Herb,0
Herb_974,Botanical_974,Common_974,Unknown,Powder,Herb,0
Herb_975,Botanical_975,Common_975,Unknown,Powder,Herb,0
Herb_976,Botanical_976,Common_976,Unknown,Powder,Herb,0
Herb_977,Botanical_977,Common_977,Unknown,Powder,Herb,0
Herb_978,Botanical_978,Common_978,Unknown,Powder,Herb,0
Herb_979,Botanical_979,Common_979,Unknown,Powder,Herb,0
Herb_980,Botanical_980,Common_980,Unknown,Powder,Herb,0
Herb_981,Botanical_981,Common_981,Unknown,Powder,Herb,0
Herb_982,Botanical_982,Common_982,Unknown,Powder,Herb,0
Herb_983,Botanical_983,Common_983,Unknown,Powder,Herb,0
Herb_984,Botanical_984,Common_984,Unknown,Powder,Herb,0
Herb_985,Botanical_985,Common_985,Unknown,Powder,Herb,0
Herb_986,Botanical_986,Common_986,Unknown,Powder,Herb,0
Herb_987,Botanical_987,Common_987,Unknown,Powder,Herb,0
Herb_988,Botanical_988,Common_988,Unknown,Powder,Herb,0
Herb_989,Botanical_989,Common_989,Unknown,Powder,Herb,0
Herb_990,Botanical_990,Common_990,Unknown,Powder,Herb,0
Herb_991,Botanical_991,Common_991,Unknown,Powder,Herb,0
Herb_992,Botanical_992,Common_992,Unknown,Powder,Herb,0
Herb_993,Botanical_993,Common_993,Unknown,Powder,Herb,0
Herb_994,Botanical_994,Common_994,Unknown,Powder,Herb,0
Herb_995,Botanical_995,Common_995,Unknown,Powder,Herb,0
Herb_996,Botanical_996,Common_996,Unknown,Powder,Herb,0
Herb_997,Botanical_997,Common_997,Unknown,Powder,Herb,0
Herb_998,Botanical_998,Common_998,Unknown,Powder,Herb,0
Herb_999,Botanical_999,Common_999,Unknown,Powder,Herb,0
Herb_1000,Botanical_1000,Common_1000,Unknown,Powder,Herb,0
Herb_1001,Botanical_1001,Common_1001,Unknown,Powder,Herb,0
Herb_1002,Botanical_1002,Common_1002,Unknown,Powder,Herb,0
Herb_1003,Botanical_1003,Common_1003,Unknown,Powder,Herb,0
Herb_1004,Botanical_1004,Common_1004,Unknown,Powder,Herb,0
Herb_1005,Botanical_1005,Common_1005,Unknown,Powder,Herb,0
Herb_1006,Botanical_1006,Common_1006,Unknown,Powder,Herb,0
Herb_1007,Botanical_1007,Common_1007,Unknown,Powder,Herb,0
Herb_1008,Botanical_1008,Common_1008,Unknown,Powder,Herb,0
Herb_1009,Botanical_1009,Common_1009,Unknown,Powder,Herb,0
Herb_1010,Botanical_1010,Common_1010,Unknown,Powder,Herb,0
Herb_1011,Botanical_1011,Common_1011,Unknown,Powder,Herb,0
Herb_1012,Botanical_1012,Common_1012,Unknown,Powder,Herb,0
Herb_1013,Botanical_1013,Common_1013,Unknown,Powder,Herb,0
Herb_1014,Botanical_1014,Common_1014,Unknown,Powder,Herb,0
Herb_1015,Botanical_1015,Common_1015,Unknown,Powder,Herb,0
Herb_1016,Botanical_1016,Common_1016,Unknown,Powder,Herb,0
Herb_1017,Botanical_1017,Common_1017,Unknown,Powder,Herb,0
Herb_1018,Botanical_1018,Common_1018,Unknown,Powder,Herb,0
Herb_1019,Botanical_1019,Common_1019,Unknown,Powder,Herb,0
Herb_1020,Botanical_1020,Common_1020,Unknown,Powder,Herb,0
Herb_1021,Botanical_1021,Common_1021,Unknown,Powder,Herb,0
Herb_1022,Botanical_1022,Common_1022,Unknown,Powder,Herb,0
Herb_1023,Botanical_1023,Common_1023,Unknown,Powder,Herb,0
Herb_1024,Botanical_1024,Common_1024,Unknown,Powder,Herb,0
Herb_1025,Botanical_1025,Common_1025,Unknown,Powder,Herb,0
Herb_1026,Botanical_1026,Common_1026,Unknown,Powder,Herb,0
Herb_1027,Botanical_1027,Common_1027,Unknown,Powder,Herb,0
Herb_1028,Botanical_1028,Common_1028,Unknown,Powder,Herb,0
Herb_1029,Botanical_1029,Common_1029,Unknown,Powder,Herb,0
Herb_1030,Botanical_1030,Common_1030,Unknown,Powder,Herb,0
Herb_1031,Botanical_1031,Common_1031,Unknown,Powder,Herb,0
Herb_1032,Botanical_1032,Common_1032,Unknown,Powder,Herb,0
Herb_1033,Botanical_1033,Common_1033,Unknown,Powder,Herb,0
Herb_1034,Botanical_1034,Common_1034,Unknown,Powder,Herb,0
Herb_1035,Botanical_1035,Common_1035,Unknown,Powder,Herb,0
Herb_1036,Botanical_1036,Common_1036,Unknown,Powder,Herb,0
Herb_1037,Botanical_1037,Common_1037,Unknown,Powder,Herb,0
Herb_1038,Botanical_1038,Common_1038,Unknown,Powder,Herb,0
Herb_1039,Botanical_1039,Common_1039,Unknown,Powder,Herb,0
Herb_1040,Botanical_1040,Common_1040,Unknown,Powder,Herb,0
Herb_1041,Botanical_1041,Common_1041,Unknown,Powder,Herb,0
Herb_1042,Botanical_1042,Common_1042,Unknown,Powder,Herb,0
Herb_1043,Botanical_1043,Common_1043,Unknown,Powder,Herb,0
Herb_1044,Botanical_1044,Common_1044,Unknown,Powder,Herb,0
Herb_1045,Botanical_1045,Common_1045,Unknown,Powder,Herb,0
Herb_1046,Botanical_1046,Common_1046,Unknown,Powder,Herb,0
Herb_1047,Botanical_1047,Common_1047,Unknown,Powder,Herb,0
Herb_1048,Botanical_1048,Common_1048,Unknown,Powder,Herb,0
Herb_1049,Botanical_1049,Common_1049,Unknown,Powder,Herb,0
Herb_1050,Botanical_1050,Common_1050,Unknown,Powder,Herb,0
Herb_1051,Botanical_1051,Common_1051,Unknown,Powder,Herb,0
Herb_1052,Botanical_1052,Common_1052,Unknown,Powder,Herb,0
Herb_1053,Botanical_1053,Common_1053,Unknown,Powder,Herb,0
Herb_1054,Botanical_1054,Common_1054,Unknown,Powder,Herb,0
Herb_1055,Botanical_1055,Common_1055,Unknown,Powder,Herb,0
Herb_1056,Botanical_1056,Common_1056,Unknown,Powder,Herb,0
Herb_1057,Botanical_1057,Common_1057,Unknown,Powder,Herb,0
Herb_1058,Botanical_1058,Common_1058,Unknown,Powder,Herb,0
Herb_1059,Botanical_1059,Common_1059,Unknown,Powder,Herb,0
Herb_1060,Botanical_1060,Common_1060,Unknown,Powder,Herb,0
Herb_1061,Botanical_1061,Common_1061,Unknown,Powder,Herb,0
Herb_1062,Botanical_1062,Common_1062,Unknown,Powder,Herb,0
Herb_1063,Botanical_1063,Common_1063,Unknown,Powder,Herb,0
Herb_1064,Botanical_1064,Common_1064,Unknown,Powder,Herb,0
Herb_1065,Botanical_1065,Common_1065,Unknown,Powder,Herb,0
Herb_1066,Botanical_1066,Common_1066,Unknown,Powder,Herb,0
Herb_1067,Botanical_1067,Common_1067,Unknown,Powder,Herb,0
Herb_1068,Botanical_1068,Common_1068,Unknown,Powder,Herb,0
Herb_1069,Botanical_1069,Common_1069,Unknown,Powder,Herb,0
Herb_1070,Botanical_1070,Common_1070,Unknown,Powder,Herb,0
Herb_1071,Botanical_1071,Common_1071,Unknown,Powder,Herb,0
Herb_1072,Botanical_1072,Common_1072,Unknown,Powder,Herb,0
Herb_1073,Botanical_1073,Common_1073,Unknown,Powder,Herb,0
Herb_1074,Botanical_1074,Common_1074,Unknown,Powder,Herb,0
Herb_1075,Botanical_1075,Common_1075,Unknown,Powder,Herb,0
Herb_1076,Botanical_1076,Common_1076,Unknown,Powder,Herb,0
Herb_1077,Botanical_1077,Common_1077,Unknown,Powder,Herb,0
Herb_1078,Botanical_1078,Common_1078,Unknown,Powder,Herb,0
Herb_1079,Botanical_1079,Common_1079,Unknown,Powder,Herb,0
Herb_1080,Botanical_1080,Common_1080,Unknown,Powder,Herb,0
Herb_1081,Botanical_1081,Common_1081,Unknown,Powder,Herb,0
Herb_1082,Botanical_1082,Common_1082,Unknown,Powder,Herb,0
Herb_1083,Botanical_1083,Common_1083,Unknown,Powder,Herb,0
Herb_1084,Botanical_1084,Common_1084,Unknown,Powder,Herb,0
Herb_1085,Botanical_1085,Common_1085,Unknown,Powder,Herb,0
Herb_1086,Botanical_1086,Common_1086,Unknown,Powder,Herb,0
Herb_1087,Botanical_1087,Common_1087,Unknown,Powder,Herb,0
Herb_1088,Botanical_1088,Common_1088,Unknown,Powder,Herb,0
Herb_1089,Botanical_1089,Common_1089,Unknown,Powder,Herb,0
Herb_1090,Botanical_1090,Common_1090,Unknown,Powder,Herb,0
Herb_1091,Botanical_1091,Common_1091,Unknown,Powder,Herb,0
Herb_1092,Botanical_1092,Common_1092,Unknown,Powder,Herb,0
Herb_1093,Botanical_1093,Common_1093,Unknown,Powder,Herb,0
Herb_1094,Botanical_1094,Common_1094,Unknown,Powder,Herb,0
Herb_1095,Botanical_1095,Common_1095,Unknown,Powder,Herb,0
Herb_1096,Botanical_1096,Common_1096,Unknown,Powder,Herb,0
Herb_1097,Botanical_1097,Common_1097,Unknown,Powder,Herb,0
Herb_1098,Botanical_1098,Common_1098,Unknown,Powder,Herb,0
Herb_1099,Botanical_1099,Common_1099,Unknown,Powder,Herb,0
Herb_1100,Botanical_1100,Common_1100,Unknown,Powder,Herb,0
Herb_1101,Botanical_1101,Common_1101,Unknown,Powder,Herb,0
Herb_1102,Botanical_1102,Common_1102,Unknown,Powder,Herb,0
Herb_1103,Botanical_1103,Common_1103,Unknown,Powder,Herb,0
Herb_1104,Botanical_1104,Common_1104,Unknown,Powder,Herb,0
Herb_1105,Botanical_1105,Common_1105,Unknown,Powder,Herb,0
Herb_1106,Botanical_1106,Common_1106,Unknown,Powder,Herb,0
Herb_1107,Botanical_1107,Common_1107,Unknown,Powder,Herb,0
Herb_1108,Botanical_1108,Common_1108,Unknown,Powder,Herb,0
Herb_1109,Botanical_1109,Common_1109,Unknown,Powder,Herb,0
Herb_1110,Botanical_1110,Common_1110,Unknown,Powder,Herb,0
Herb_1111,Botanical_1111,Common_1111,Unknown,Powder,Herb,0
Herb_1112,Botanical_1112,Common_1112,Unknown,Powder,Herb,0
Herb_1113,Botanical_1113,Common_1113,Unknown,Powder,Herb,0
Herb_1114,Botanical_1114,Common_1114,Unknown,Powder,Herb,0
Herb_1115,Botanical_1115,Common_1115,Unknown,Powder,Herb,0
Herb_1116,Botanical_1116,Common_1116,Unknown,Powder,Herb,0
Herb_1117,Botanical_1117,Common_1117,Unknown,Powder,Herb,0
Herb_1118,Botanical_1118,Common_1118,Unknown,Powder,Herb,0
Herb_1119,Botanical_1119,Common_1119,Unknown,Powder,Herb,0
Herb_1120,Botanical_1120,Common_1120,Unknown,Powder,Herb,0
Herb_1121,Botanical_1121,Common_1121,Unknown,Powder,Herb,0
Herb_1122,Botanical_1122,Common_1122,Unknown,Powder,Herb,0
Herb_1123,Botanical_1123,Common_1123,Unknown,Powder,Herb,0
Herb_1124,Botanical_1124,Common_1124,Unknown,Powder,Herb,0
Herb_1125,Botanical_1125,Common_1125,Unknown,Powder,Herb,0
Herb_1126,Botanical_1126,Common_1126,Unknown,Powder,Herb,0
Herb_1127,Botanical_1127,Common_1127,Unknown,Powder,Herb,0
Herb_1128,Botanical_1128,Common_1128,Unknown,Powder,Herb,0
Herb_1129,Botanical_1129,Common_1129,Unknown,Powder,Herb,0
Herb_1130,Botanical_1130,Common_1130,Unknown,Powder,Herb,0
Herb_1131,Botanical_1131,Common_1131,Unknown,Powder,Herb,0
Herb_1132,Botanical_1132,Common_1132,Unknown,Powder,Herb,0
Herb_1133,Botanical_1133,Common_1133,Unknown,Powder,Herb,0
Herb_1134,Botanical_1134,Common_1134,Unknown,Powder,Herb,0
Herb_1135,Botanical_1135,Common_1135,Unknown,Powder,Herb,0
Herb_1136,Botanical_1136,Common_1136,Unknown,Powder,Herb,0
Herb_1137,Botanical_1137,Common_1137,Unknown,Powder,Herb,0
Herb_1138,Botanical_1138,Common_1138,Unknown,Powder,Herb,0
Herb_1139,Botanical_1139,Common_1139,Unknown,Powder,Herb,0
Herb_1140,Botanical_1140,Common_1140,Unknown,Powder,Herb,0
Herb_1141,Botanical_1141,Common_1141,Unknown,Powder,Herb,0
Herb_1142,Botanical_1142,Common_1142,Unknown,Powder,Herb,0
Herb_1143,Botanical_1143,Common_1143,Unknown,Powder,Herb,0
Herb_1144,Botanical_1144,Common_1144,Unknown,Powder,Herb,0
Herb_1145,Botanical_1145,Common_1145,Unknown,Powder,Herb,0
Herb_1146,Botanical_1146,Common_1146,Unknown,Powder,Herb,0
Herb_1147,Botanical_1147,Common_1147,Unknown,Powder,Herb,0
Herb_1148,Botanical_1148,Common_1148,Unknown,Powder,Herb,0
Herb_1149,Botanical_1149,Common_1149,Unknown,Powder,Herb,0
Herb_1150,Botanical_1150,Common_1150,Unknown,Powder,Herb,0
Herb_1151,Botanical_1151,Common_1151,Unknown,Powder,Herb,0
Herb_1152,Botanical_1152,Common_1152,Unknown,Powder,Herb,0
Herb_1153,Botanical_1153,Common_1153,Unknown,Powder,Herb,0
Herb_1154,Botanical_1154,Common_1154,Unknown,Powder,Herb,0
Herb_1155,Botanical_1155,Common_1155,Unknown,Powder,Herb,0
Herb_1156,Botanical_1156,Common_1156,Unknown,Powder,Herb,0
Herb_1157,Botanical_1157,Common_1157,Unknown,Powder,Herb,0
Herb_1158,Botanical_1158,Common_1158,Unknown,Powder,Herb,0
Herb_1159,Botanical_1159,Common_1159,Unknown,Powder,Herb,0
Herb_1160,Botanical_1160,Common_1160,Unknown,Powder,Herb,0
Herb_1161,Botanical_1161,Common_1161,Unknown,Powder,Herb,0
Herb_1162,Botanical_1162,Common_1162,Unknown,Powder,Herb,0
Herb_1163,Botanical_1163,Common_1163,Unknown,Powder,Herb,0
Herb_1164,Botanical_1164,Common_1164,Unknown,Powder,Herb,0
Herb_1165,Botanical_1165,Common_1165,Unknown,Powder,Herb,0
Herb_1166,Botanical_1166,Common_1166,Unknown,Powder,Herb,0
Herb_1167,Botanical_1167,Common_1167,Unknown,Powder,Herb,0
Herb_1168,Botanical_1168,Common_1168,Unknown,Powder,Herb,0
Herb_1169,Botanical_1169,Common_1169,Unknown,Powder,Herb,0
Herb_1170,Botanical_1170,Common_1170,Unknown,Powder,Herb,0
Herb_1171,Botanical_1171,Common_1171,Unknown,Powder,Herb,0
Herb_1172,Botanical_1172,Common_1172,Unknown,Powder,Herb,0
Herb_1173,Botanical_1173,Common_1173,Unknown,Powder,Herb,0
Herb_1174,Botanical_1174,Common_1174,Unknown,Powder,Herb,0
Herb_1175,Botanical_1175,Common_1175,Unknown,Powder,Herb,0
Herb_1176,Botanical_1176,Common_1176,Unknown,Powder,Herb,0
Herb_1177,Botanical_1177,Common_1177,Unknown,Powder,Herb,0
Herb_1178,Botanical_1178,Common_1178,Unknown,Powder,Herb,0
Herb_1179,Botanical_1179,Common_1179,Unknown,Powder,Herb,0
Herb_1180,Botanical_1180,Common_1180,Unknown,Powder,Herb,0
Herb_1181,Botanical_1181,Common_1181,Unknown,Powder,Herb,0
Herb_1182,Botanical_1182,Common_1182,Unknown,Powder,Herb,0
Herb_1183,Botanical_1183,Common_1183,Unknown,Powder,Herb,0
Herb_1184,Botanical_1184,Common_1184,Unknown,Powder,Herb,0
Herb_1185,Botanical_1185,Common_1185,Unknown,Powder,Herb,0
Herb_1186,Botanical_1186,Common_1186,Unknown,Powder,Herb,0
Herb_1187,Botanical_1187,Common_1187,Unknown,Powder,Herb,0
Herb_1188,Botanical_1188,Common_1188,Unknown,Powder,Herb,0
Herb_1189,Botanical_1189,Common_1189,Unknown,Powder,Herb,0
Herb_1190,Botanical_1190,Common_1190,Unknown,Powder,Herb,0
Herb_1191,Botanical_1191,Common_1191,Unknown,Powder,Herb,0
Herb_1192,Botanical_1192,Common_1192,Unknown,Powder,Herb,0
Herb_1193,Botanical_1193,Common_1193,Unknown,Powder,Herb,0
Herb_1194,Botanical_1194,Common_1194,Unknown,Powder,Herb,0
Herb_1195,Botanical_1195,Common_1195,Unknown,Powder,Herb,0
Herb_1196,Botanical_1196,Common_1196,Unknown,Powder,Herb,0
Herb_1197,Botanical_1197,Common_1197,Unknown,Powder,Herb,0
Herb_1198,Botanical_1198,Common_1198,Unknown,Powder,Herb,0
Herb_1199,Botanical_1199,Common_1199,Unknown,Powder,Herb,0
Herb_1200,Botanical_1200,Common_1200,Unknown,Powder,Herb,0
Herb_1201,Botanical_1201,Common_1201,Unknown,Powder,Herb,0
Herb_1202,Botanical_1202,Common_1202,Unknown,Powder,Herb,0
Herb_1203,Botanical_1203,Common_1203,Unknown,Powder,Herb,0
Herb_1204,Botanical_1204,Common_1204,Unknown,Powder,Herb,0
Herb_1205,Botanical_1205,Common_1205,Unknown,Powder,Herb,0
Herb_1206,Botanical_1206,Common_1206,Unknown,Powder,Herb,0
Herb_1207,Botanical_1207,Common_1207,Unknown,Powder,Herb,0
Herb_1208,Botanical_1208,Common_1208,Unknown,Powder,Herb,0
Herb_1209,Botanical_1209,Common_1209,Unknown,Powder,Herb,0
Herb_1210,Botanical_1210,Common_1210,Unknown,Powder,Herb,0
Herb_1211,Botanical_1211,Common_1211,Unknown,Powder,Herb,0
Herb_1212,Botanical_1212,Common_1212,Unknown,Powder,Herb,0
Herb_1213,Botanical_1213,Common_1213,Unknown,Powder,Herb,0
Herb_1214,Botanical_1214,Common_1214,Unknown,Powder,Herb,0
Herb_1215,Botanical_1215,Common_1215,Unknown,Powder,Herb,0
Herb_1216,Botanical_1216,Common_1216,Unknown,Powder,Herb,0
Herb_1217,Botanical_1217,Common_1217,Unknown,Powder,Herb,0
Herb_1218,Botanical_1218,Common_1218,Unknown,Powder,Herb,0
Herb_1219,Botanical_1219,Common_1219,Unknown,Powder,Herb,0
Herb_1220,Botanical_1220,Common_1220,Unknown,Powder,Herb,0
Herb_1221,Botanical_1221,Common_1221,Unknown,Powder,Herb,0
Herb_1222,Botanical_1222,Common_1222,Unknown,Powder,Herb,0
Herb_1223,Botanical_1223,Common_1223,Unknown,Powder,Herb,0
Herb_1224,Botanical_1224,Common_1224,Unknown,Powder,Herb,0
Herb_1225,Botanical_1225,Common_1225,Unknown,Powder,Herb,0
Herb_1226,Botanical_1226,Common_1226,Unknown,Powder,Herb,0
Herb_1227,Botanical_1227,Common_1227,Unknown,Powder,Herb,0
Herb_1228,Botanical_1228,Common_1228,Unknown,Powder,Herb,0
Herb_1229,Botanical_1229,Common_1229,Unknown,Powder,Herb,0
Herb_1230,Botanical_1230,Common_1230,Unknown,Powder,Herb,0
Herb_1231,Botanical_1231,Common_1231,Unknown,Powder,Herb,0
Herb_1232,Botanical_1232,Common_1232,Unknown,Powder,Herb,0
Herb_1233,Botanical_1233,Common_1233,Unknown,Powder,Herb,0
Herb_1234,Botanical_1234,Common_1234,Unknown,Powder,Herb,0
Herb_1235,Botanical_1235,Common_1235,Unknown,Powder,Herb,0
Herb_1236,Botanical_1236,Common_1236,Unknown,Powder,Herb,0
Herb_1237,Botanical_1237,Common_1237,Unknown,Powder,Herb,0
Herb_1238,Botanical_1238,Common_1238,Unknown,Powder,Herb,0
Herb_1239,Botanical_1239,Common_1239,Unknown,Powder,Herb,0
Herb_1240,Botanical_1240,Common_1240,Unknown,Powder,Herb,0
Herb_1241,Botanical_1241,Common_1241,Unknown,Powder,Herb,0
Herb_1242,Botanical_1242,Common_1242,Unknown,Powder,Herb,0
Herb_1243,Botanical_1243,Common_1243,Unknown,Powder,Herb,0
Herb_1244,Botanical_1244,Common_1244,Unknown,Powder,Herb,0
Herb_1245,Botanical_1245,Common_1245,Unknown,Powder,Herb,0
Herb_1246,Botanical_1246,Common_1246,Unknown,Powder,Herb,0
Herb_1247,Botanical_1247,Common_1247,Unknown,Powder,Herb,0
Herb_1248,Botanical_1248,Common_1248,Unknown,Powder,Herb,0
Herb_1249,Botanical_1249,Common_1249,Unknown,Powder,Herb,0
Herb_1250,Botanical_1250,Common_1250,Unknown,Powder,Herb,0
Herb_1251,Botanical_1251,Common_1251,Unknown,Powder,Herb,0
Herb_1252,Botanical_1252,Common_1252,Unknown,Powder,Herb,0
Herb_1253,Botanical_1253,Common_1253,Unknown,Powder,Herb,0
Herb_1254,Botanical_1254,Common_1254,Unknown,Powder,Herb,0
Herb_1255,Botanical_1255,Common_1255,Unknown,Powder,Herb,0
Herb_1256,Botanical_1256,Common_1256,Unknown,Powder,Herb,0
Herb_1257,Botanical_1257,Common_1257,Unknown,Powder,Herb,0
Herb_1258,Botanical_1258,Common_1258,Unknown,Powder,Herb,0
Herb_1259,Botanical_1259,Common_1259,Unknown,Powder,Herb,0
Herb_1260,Botanical_1260,Common_1260,Unknown,Powder,Herb,0
Herb_1261,Botanical_1261,Common_1261,Unknown,Powder,Herb,0
Herb_1262,Botanical_1262,Common_1262,Unknown,Powder,Herb,0
Herb_1263,Botanical_1263,Common_1263,Unknown,Powder,Herb,0
Herb_1264,Botanical_1264,Common_1264,Unknown,Powder,Herb,0
Herb_1265,Botanical_1265,Common_1265,Unknown,Powder,Herb,0
Herb_1266,Botanical_1266,Common_1266,Unknown,Powder,Herb,0
Herb_1267,Botanical_1267,Common_1267,Unknown,Powder,Herb,0
Herb_1268,Botanical_1268,Common_1268,Unknown,Powder,Herb,0
Herb_1269,Botanical_1269,Common_1269,Unknown,Powder,Herb,0
Herb_1270,Botanical_1270,Common_1270,Unknown,Powder,Herb,0
Herb_1271,Botanical_1271,Common_1271,Unknown,Powder,Herb,0
Herb_1272,Botanical_1272,Common_1272,Unknown,Powder,Herb,0
Herb_1273,Botanical_1273,Common_1273,Unknown,Powder,Herb,0
Herb_1274,Botanical_1274,Common_1274,Unknown,Powder,Herb,0
Herb_1275,Botanical_1275,Common_1275,Unknown,Powder,Herb,0
Herb_1276,Botanical_1276,Common_1276,Unknown,Powder,Herb,0
Herb_1277,Botanical_1277,Common_1277,Unknown,Powder,Herb,0
Herb_1278,Botanical_1278,Common_1278,Unknown,Powder,Herb,0
Herb_1279,Botanical_1279,Common_1279,Unknown,Powder,Herb,0
Herb_1280,Botanical_1280,Common_1280,Unknown,Powder,Herb,0
Herb_1281,Botanical_1281,Common_1281,Unknown,Powder,Herb,0
Herb_1282,Botanical_1282,Common_1282,Unknown,Powder,Herb,0
Herb_1283,Botanical_1283,Common_1283,Unknown,Powder,Herb,0
Herb_1284,Botanical_1284,Common_1284,Unknown,Powder,Herb,0
Herb_1285,Botanical_1285,Common_1285,Unknown,Powder,Herb,0
Herb_1286,Botanical_1286,Common_1286,Unknown,Powder,Herb,0
Herb_1287,Botanical_1287,Common_1287,Unknown,Powder,Herb,0
Herb_1288,Botanical_1288,Common_1288,Unknown,Powder,Herb,0
Herb_1289,Botanical_1289,Common_1289,Unknown,Powder,Herb,0
Herb_1290,Botanical_1290,Common_1290,Unknown,Powder,Herb,0
Herb_1291,Botanical_1291,Common_1291,Unknown,Powder,Herb,0
Herb_1292,Botanical_1292,Common_1292,Unknown,Powder,Herb,0
Herb_1293,Botanical_1293,Common_1293,Unknown,Powder,Herb,0
Herb_1294,Botanical_1294,Common_1294,Unknown,Powder,Herb,0
Herb_1295,Botanical_1295,Common_1295,Unknown,Powder,Herb,0
Herb_1296,Botanical_1296,Common_1296,Unknown,Powder,Herb,0
Herb_1297,Botanical_1297,Common_1297,Unknown,Powder,Herb,0
Herb_1298,Botanical_1298,Common_1298,Unknown,Powder,Herb,0
Herb_1299,Botanical_1299,Common_1299,Unknown,Powder,Herb,0
Herb_1300,Botanical_1300,Common_1300,Unknown,Powder,Herb,0
Herb_1301,Botanical_1301,Common_1301,Unknown,Powder,Herb,0
Herb_1302,Botanical_1302,Common_1302,Unknown,Powder,Herb,0
Herb_1303,Botanical_1303,Common_1303,Unknown,Powder,Herb,0
Herb_1304,Botanical_1304,Common_1304,Unknown,Powder,Herb,0
Herb_1305,Botanical_1305,Common_1305,Unknown,Powder,Herb,0
Herb_1306,Botanical_1306,Common_1306,Unknown,Powder,Herb,0
Herb_1307,Botanical_1307,Common_1307,Unknown,Powder,Herb,0
Herb_1308,Botanical_1308,Common_1308,Unknown,Powder,Herb,0
Herb_1309,Botanical_1309,Common_1309,Unknown,Powder,Herb,0
Herb_1310,Botanical_1310,Common_1310,Unknown,Powder,Herb,0
Herb_1311,Botanical_1311,Common_1311,Unknown,Powder,Herb,0
Herb_1312,Botanical_1312,Common_1312,Unknown,Powder,Herb,0
Herb_1313,Botanical_1313,Common_1313,Unknown,Powder,Herb,0
Herb_1314,Botanical_1314,Common_1314,Unknown,Powder,Herb,0
Herb_1315,Botanical_1315,Common_1315,Unknown,Powder,Herb,0
Herb_1316,Botanical_1316,Common_1316,Unknown,Powder,Herb,0
Herb_1317,Botanical_1317,Common_1317,Unknown,Powder,Herb,0
Herb_1318,Botanical_1318,Common_1318,Unknown,Powder,Herb,0
Herb_1319,Botanical_1319,Common_1319,Unknown,Powder,Herb,0
Herb_1320,Botanical_1320,Common_1320,Unknown,Powder,Herb,0
Herb_1321,Botanical_1321,Common_1321,Unknown,Powder,Herb,0
Herb_1322,Botanical_1322,Common_1322,Unknown,Powder,Herb,0
Herb_1323,Botanical_1323,Common_1323,Unknown,Powder,Herb,0
Herb_1324,Botanical_1324,Common_1324,Unknown,Powder,Herb,0
Herb_1325,Botanical_1325,Common_1325,Unknown,Powder,Herb,0
Herb_1326,Botanical_1326,Common_1326,Unknown,Powder,Herb,0
Herb_1327,Botanical_1327,Common_1327,Unknown,Powder,Herb,0
Herb_1328,Botanical_1328,Common_1328,Unknown,Powder,Herb,0
Herb_1329,Botanical_1329,Common_1329,Unknown,Powder,Herb,0
Herb_1330,Botanical_1330,Common_1330,Unknown,Powder,Herb,0
Herb_1331,Botanical_1331,Common_1331,Unknown,Powder,Herb,0
Herb_1332,Botanical_1332,Common_1332,Unknown,Powder,Herb,0
Herb_1333,Botanical_1333,Common_1333,Unknown,Powder,Herb,0
Herb_1334,Botanical_1334,Common_1334,Unknown,Powder,Herb,0
Herb_1335,Botanical_1335,Common_1335,Unknown,Powder,Herb,0
Herb_1336,Botanical_1336,Common_1336,Unknown,Powder,Herb,0
Herb_1337,Botanical_1337,Common_1337,Unknown,Powder,Herb,0
Herb_1338,Botanical_1338,Common_1338,Unknown,Powder,Herb,0
Herb_1339,Botanical_1339,Common_1339,Unknown,Powder,Herb,0
Herb_1340,Botanical_1340,Common_1340,Unknown,Powder,Herb,0
Herb_1341,Botanical_1341,Common_1341,Unknown,Powder,Herb,0
Herb_1342,Botanical_1342,Common_1342,Unknown,Powder,Herb,0
Herb_1343,Botanical_1343,Common_1343,Unknown,Powder,Herb,0
Herb_1344,Botanical_1344,Common_1344,Unknown,Powder,Herb,0
Herb_1345,Botanical_1345,Common_1345,Unknown,Powder,Herb,0
Herb_1346,Botanical_1346,Common_1346,Unknown,Powder,Herb,0
Herb_1347,Botanical_1347,Common_1347,Unknown,Powder,Herb,0
Herb_1348,Botanical_1348,Common_1348,Unknown,Powder,Herb,0
Herb_1349,Botanical_1349,Common_1349,Unknown,Powder,Herb,0
Herb_1350,Botanical_1350,Common_1350,Unknown,Powder,Herb,0
Herb_1351,Botanical_1351,Common_1351,Unknown,Powder,Herb,0
Herb_1352,Botanical_1352,Common_1352,Unknown,Powder,Herb,0
Herb_1353,Botanical_1353,Common_1353,Unknown,Powder,Herb,0
Herb_1354,Botanical_1354,Common_1354,Unknown,Powder,Herb,0
Herb_1355,Botanical_1355,Common_1355,Unknown,Powder,Herb,0
Herb_1356,Botanical_1356,Common_1356,Unknown,Powder,Herb,0
Herb_1357,Botanical_1357,Common_1357,Unknown,Powder,Herb,0
Herb_1358,Botanical_1358,Common_1358,Unknown,Powder,Herb,0
Herb_1359,Botanical_1359,Common_1359,Unknown,Powder,Herb,0
Herb_1360,Botanical_1360,Common_1360,Unknown,Powder,Herb,0
Herb_1361,Botanical_1361,Common_1361,Unknown,Powder,Herb,0
Herb_1362,Botanical_1362,Common_1362,Unknown,Powder,Herb,0
Herb_1363,Botanical_1363,Common_1363,Unknown,Powder,Herb,0
Herb_1364,Botanical_1364,Common_1364,Unknown,Powder,Herb,0
Herb_1365,Botanical_1365,Common_1365,Unknown,Powder,Herb,0
Herb_1366,Botanical_1366,Common_1366,Unknown,Powder,Herb,0
Herb_1367,Botanical_1367,Common_1367,Unknown,Powder,Herb,0
Herb_1368,Botanical_1368,Common_1368,Unknown,Powder,Herb,0
Herb_1369,Botanical_1369,Common_1369,Unknown,Powder,Herb,0
Herb_1370,Botanical_1370,Common_1370,Unknown,Powder,Herb,0
Herb_1371,Botanical_1371,Common_1371,Unknown,Powder,Herb,0
Herb_1372,Botanical_1372,Common_1372,Unknown,Powder,Herb,0
Herb_1373,Botanical_1373,Common_1373,Unknown,Powder,Herb,0
Herb_1374,Botanical_1374,Common_1374,Unknown,Powder,Herb,0
Herb_1375,Botanical_1375,Common_1375,Unknown,Powder,Herb,0
Herb_1376,Botanical_1376,Common_1376,Unknown,Powder,Herb,0
Herb_1377,Botanical_1377,Common_1377,Unknown,Powder,Herb,0
Herb_1378,Botanical_1378,Common_1378,Unknown,Powder,Herb,0
Herb_1379,Botanical_1379,Common_1379,Unknown,Powder,Herb,0
Herb_1380,Botanical_1380,Common_1380,Unknown,Powder,Herb,0
Herb_1381,Botanical_1381,Common_1381,Unknown,Powder,Herb,0
Herb_1382,Botanical_1382,Common_1382,Unknown,Powder,Herb,0
Herb_1383,Botanical_1383,Common_1383,Unknown,Powder,Herb,0
Herb_1384,Botanical_1384,Common_1384,Unknown,Powder,Herb,0
Herb_1385,Botanical_1385,Common_1385,Unknown,Powder,Herb,0
Herb_1386,Botanical_1386,Common_1386,Unknown,Powder,Herb,0
Herb_1387,Botanical_1387,Common_1387,Unknown,Powder,Herb,0
Herb_1388,Botanical_1388,Common_1388,Unknown,Powder,Herb,0
Herb_1389,Botanical_1389,Common_1389,Unknown,Powder,Herb,0
Herb_1390,Botanical_1390,Common_1390,Unknown,Powder,Herb,0
Herb_1391,Botanical_1391,Common_1391,Unknown,Powder,Herb,0
Herb_1392,Botanical_1392,Common_1392,Unknown,Powder,Herb,0
Herb_1393,Botanical_1393,Common_1393,Unknown,Powder,Herb,0
Herb_1394,Botanical_1394,Common_1394,Unknown,Powder,Herb,0
Herb_1395,Botanical_1395,Common_1395,Unknown,Powder,Herb,0
Herb_1396,Botanical_1396,Common_1396,Unknown,Powder,Herb,0
Herb_1397,Botanical_1397,Common_1397,Unknown,Powder,Herb,0
Herb_1398,Botanical_1398,Common_1398,Unknown,Powder,Herb,0
Herb_1399,Botanical_1399,Common_1399,Unknown,Powder,Herb,0
Herb_1400,Botanical_1400,Common_1400,Unknown,Powder,Herb,0
Herb_1401,Botanical_1401,Common_1401,Unknown,Powder,Herb,0
Herb_1402,Botanical_1402,Common_1402,Unknown,Powder,Herb,0
Herb_1403,Botanical_1403,Common_1403,Unknown,Powder,Herb,0
Herb_1404,Botanical_1404,Common_1404,Unknown,Powder,Herb,0
Herb_1405,Botanical_1405,Common_1405,Unknown,Powder,Herb,0
Herb_1406,Botanical_1406,Common_1406,Unknown,Powder,Herb,0
Herb_1407,Botanical_1407,Common_1407,Unknown,Powder,Herb,0
Herb_1408,Botanical_1408,Common_1408,Unknown,Powder,Herb,0
Herb_1409,Botanical_1409,Common_1409,Unknown,Powder,Herb,0
Herb_1410,Botanical_1410,Common_1410,Unknown,Powder,Herb,0
Herb_1411,Botanical_1411,Common_1411,Unknown,Powder,Herb,0
Herb_1412,Botanical_1412,Common_1412,Unknown,Powder,Herb,0
Herb_1413,Botanical_1413,Common_1413,Unknown,Powder,Herb,0
Herb_1414,Botanical_1414,Common_1414,Unknown,Powder,Herb,0
Herb_1415,Botanical_1415,Common_1415,Unknown,Powder,Herb,0
Herb_1416,Botanical_1416,Common_1416,Unknown,Powder,Herb,0
Herb_1417,Botanical_1417,Common_1417,Unknown,Powder,Herb,0
Herb_1418,Botanical_1418,Common_1418,Unknown,Powder,Herb,0
Herb_1419,Botanical_1419,Common_1419,Unknown,Powder,Herb,0
Herb_1420,Botanical_1420,Common_1420,Unknown,Powder,Herb,0
Herb_1421,Botanical_1421,Common_1421,Unknown,Powder,Herb,0
Herb_1422,Botanical_1422,Common_1422,Unknown,Powder,Herb,0
Herb_1423,Botanical_1423,Common_1423,Unknown,Powder,Herb,0
Herb_1424,Botanical_1424,Common_1424,Unknown,Powder,Herb,0
Herb_1425,Botanical_1425,Common_1425,Unknown,Powder,Herb,0
Herb_1426,Botanical_1426,Common_1426,Unknown,Powder,Herb,0
Herb_1427,Botanical_1427,Common_1427,Unknown,Powder,Herb,0
Herb_1428,Botanical_1428,Common_1428,Unknown,Powder,Herb,0
Herb_1429,Botanical_1429,Common_1429,Unknown,Powder,Herb,0
Herb_1430,Botanical_1430,Common_1430,Unknown,Powder,Herb,0
Herb_1431,Botanical_1431,Common_1431,Unknown,Powder,Herb,0
Herb_1432,Botanical_1432,Common_1432,Unknown,Powder,Herb,0
Herb_1433,Botanical_1433,Common_1433,Unknown,Powder,Herb,0
Herb_1434,Botanical_1434,Common_1434,Unknown,Powder,Herb,0
Herb_1435,Botanical_1435,Common_1435,Unknown,Powder,Herb,0
Herb_1436,Botanical_1436,Common_1436,Unknown,Powder,Herb,0
Herb_1437,Botanical_1437,Common_1437,Unknown,Powder,Herb,0
Herb_1438,Botanical_1438,Common_1438,Unknown,Powder,Herb,0
Herb_1439,Botanical_1439,Common_1439,Unknown,Powder,Herb,0
Herb_1440,Botanical_1440,Common_1440,Unknown,Powder,Herb,0
Herb_1441,Botanical_1441,Common_1441,Unknown,Powder,Herb,0
Herb_1442,Botanical_1442,Common_1442,Unknown,Powder,Herb,0
Herb_1443,Botanical_1443,Common_1443,Unknown,Powder,Herb,0
Herb_1444,Botanical_1444,Common_1444,Unknown,Powder,Herb,0
Herb_1445,Botanical_1445,Common_1445,Unknown,Powder,Herb,0
Herb_1446,Botanical_1446,Common_1446,Unknown,Powder,Herb,0
Herb_1447,Botanical_1447,Common_1447,Unknown,Powder,Herb,0
Herb_1448,Botanical_1448,Common_1448,Unknown,Powder,Herb,0
Herb_1449,Botanical_1449,Common_1449,Unknown,Powder,Herb,0
Herb_1450,Botanical_1450,Common_1450,Unknown,Powder,Herb,0
Herb_1451,Botanical_1451,Common_1451,Unknown,Powder,Herb,0
Herb_1452,Botanical_1452,Common_1452,Unknown,Powder,Herb,0
Herb_1453,Botanical_1453,Common_1453,Unknown,Powder,Herb,0
Herb_1454,Botanical_1454,Common_1454,Unknown,Powder,Herb,0
Herb_1455,Botanical_1455,Common_1455,Unknown,Powder,Herb,0
Herb_1456,Botanical_1456,Common_1456,Unknown,Powder,Herb,0
Herb_1457,Botanical_1457,Common_1457,Unknown,Powder,Herb,0
Herb_1458,Botanical_1458,Common_1458,Unknown,Powder,Herb,0
Herb_1459,Botanical_1459,Common_1459,Unknown,Powder,Herb,0
Herb_1460,Botanical_1460,Common_1460,Unknown,Powder,Herb,0
Herb_1461,Botanical_1461,Common_1461,Unknown,Powder,Herb,0
Herb_1462,Botanical_1462,Common_1462,Unknown,Powder,Herb,0
Herb_1463,Botanical_1463,Common_1463,Unknown,Powder,Herb,0
Herb_1464,Botanical_1464,Common_1464,Unknown,Powder,Herb,0
Herb_1465,Botanical_1465,Common_1465,Unknown,Powder,Herb,0
Herb_1466,Botanical_1466,Common_1466,Unknown,Powder,Herb,0
Herb_1467,Botanical_1467,Common_1467,Unknown,Powder,Herb,0
Herb_1468,Botanical_1468,Common_1468,Unknown,Powder,Herb,0
Herb_1469,Botanical_1469,Common_1469,Unknown,Powder,Herb,0
Herb_1470,Botanical_1470,Common_1470,Unknown,Powder,Herb,0
Herb_1471,Botanical_1471,Common_1471,Unknown,Powder,Herb,0
Herb_1472,Botanical_1472,Common_1472,Unknown,Powder,Herb,0
Herb_1473,Botanical_1473,Common_1473,Unknown,Powder,Herb,0
Herb_1474,Botanical_1474,Common_1474,Unknown,Powder,Herb,0
Herb_1475,Botanical_1475,Common_1475,Unknown,Powder,Herb,0
Herb_1476,Botanical_1476,Common_1476,Unknown,Powder,Herb,0
Herb_1477,Botanical_1477,Common_1477,Unknown,Powder,Herb,0
Herb_1478,Botanical_1478,Common_1478,Unknown,Powder,Herb,0
Herb_1479,Botanical_1479,Common_1479,Unknown,Powder,Herb,0
Herb_1480,Botanical_1480,Common_1480,Unknown,Powder,Herb,0
Herb_1481,Botanical_1481,Common_1481,Unknown,Powder,Herb,0
Herb_1482,Botanical_1482,Common_1482,Unknown,Powder,Herb,0
Herb_1483,Botanical_1483,Common_1483,Unknown,Powder,Herb,0
Herb_1484,Botanical_1484,Common_1484,Unknown,Powder,Herb,0
Herb_1485,Botanical_1485,Common_1485,Unknown,Powder,Herb,0
Herb_1486,Botanical_1486,Common_1486,Unknown,Powder,Herb,0
Herb_1487,Botanical_1487,Common_1487,Unknown,Powder,Herb,0
Herb_1488,Botanical_1488,Common_1488,Unknown,Powder,Herb,0
Herb_1489,Botanical_1489,Common_1489,Unknown,Powder,Herb,0
Herb_1490,Botanical_1490,Common_1490,Unknown,Powder,Herb,0
Herb_1491,Botanical_1491,Common_1491,Unknown,Powder,Herb,0
Herb_1492,Botanical_1492,Common_1492,Unknown,Powder,Herb,0
Herb_1493,Botanical_1493,Common_1493,Unknown,Powder,Herb,0
Herb_1494,Botanical_1494,Common_1494,Unknown,Powder,Herb,0
Herb_1495,Botanical_1495,Common_1495,Unknown,Powder,Herb,0
Herb_1496,Botanical_1496,Common_1496,Unknown,Powder,Herb,0
Herb_1497,Botanical_1497,Common_1497,Unknown,Powder,Herb,0
Herb_1498,Botanical_1498,Common_1498,Unknown,Powder,Herb,0
Herb_1499,Botanical_1499,Common_1499,Unknown,Powder,Herb,0
Herb_1500,Botanical_1500,Common_1500,Unknown,Powder,Herb,0
